VAR01;VAR02;VAR03;VAR04;VAR05;VAR08;VAR09; VAR11 ; VAR12 ;VAR13a;VAR13b;VAR13c;VAR13d;VAR14;VAR16;VAR17;VAR18;VAR19;VAR20;VAR21;VAR22;VAR25;VAR26; VAR27 ;VAR28; VAR31 ;VAR34;VAR39
5;0;1;33;75;15;11;1,27;5,15;33;43;54;4;2;0;0,48;134;17;69;1;0;0;3;9,29;4;60,00;0;1
1;0;0;1;39;15;11;0,04;1,54;12;8;20;0;1;0;0,11;40;1;36;0;0;0;0;2,43;4;11,00;0;1
0;0;0;1;4;15;11;0,04;0,31;5;0;3;0;0;1;0,01;8;0;4;0;1;0;3;1;4;1,00;0;0
4;0;1;10;56;15;11;0,38;2,65;26;21;21;1;2;0;0,24;69;8;50;0;0;0;8,33;4,78;4;29,00;0;0
4;0;1;4;48;15;11;0,15;2,12;16;20;19;0;2;0;0,15;55;2;41;0;0;0;1;4,63;4;26,00;0;2
3;1;1;31;76;15;11;1,19;5,81;60;60;31;0;2;4;0,24;151;17;61;10;9;0;2,5;3,67;4;24,00;0;0
6;3;0;26;46;15;11;1,00;3,50;15;40;34;2;2;0;0,27;91;17;43;0;0;0;17,2;8;4;38,00;0;0
5;3;1;14;62;15;11;0,54;2,88;40;10;25;0;2;4;0,75;75;3;43;10;7;1;14,5;5,86;4;36,00;1;0
5;1;0;0;54;15;11;0,00;2,35;11;25;23;2;2;0;0,08;61;0;49;1;0;0;1;4,38;4;16,00;0;0
4;1;1;2;49;15;11;0,08;3,15;17;21;40;4;2;0;0,14;82;1;44;2;0;0;0;4;4;19,00;0;0
4;0;0;0;45;15;11;0,00;2,96;16;32;29;0;2;0;0,12;77;0;41;1;0;0;4;3,63;4;15,00;0;0
2;0;0;1;3;15;11;0,04;0,65;3;7;7;0;1;0;0,03;17;1;3;0;0;0;1;2;4;4,00;0;2
1;0;0;0;0;15;11;0,00;0,62;12;2;2;0;0;0;0,06;16;0;0;0;0;0;2,67;2;4;4,00;0;0
2;1;0;5;44;15;11;0,19;1,85;11;10;21;6;0;3;0,42;48;0;40;1;5;0;17,2;9;4;27,00;0;0
0;0;0;0;0;15;11;0,00;0,54;3;6;5;0;0;0;0,05;14;0;0;0;0;0;3;1,4;4;5,00;0;0
4;0;1;33;76;15;11;1,42;4,19;34;37;37;1;2;5;0,31;109;11;55;10;10;0;3,4;4,9;4;36,00;0;0
6;4;4;30;67;15;11;1,15;11,62;69;95;97;9;2;1;0,75;256;17;63;0;1;0;13,4;13,43;4;70,00;0;1
1;0;0;0;15;15;11;0,00;0,27;2;2;3;0;0;0;0,04;7;0;12;1;0;0;3;7;4;7,00;0;0
1;0;0;0;47;15;11;0,00;1,19;13;7;11;0;1;0;0,12;31;0;44;0;0;0;4;4,5;4;21,00;0;1
4;0;0;10;50;15;11;0,38;3,04;40;24;15;0;2;0;0,28;79;7;43;0;0;0;7,25;5;4;24,00;0;0
3;0;0;1;51;15;11;0,04;3,00;49;23;5;1;2;0;0,52;78;1;45;2;0;0;17,2;5,57;4;32,00;0;0
4;0;1;5;53;15;11;0,19;7,31;50;65;73;2;2;0;0,75;190;3;44;1;0;0;7,2;9,78;4;70,00;0;1
4;0;1;13;54;15;11;0,50;2,85;47;19;8;0;2;5;0,37;74;5;47;2;7;0;3;5;4;28,00;0;1
4;0;1;2;50;15;11;0,08;1,62;15;8;19;0;2;0;0,19;42;2;45;0;0;0;3;4,86;4;24,00;0;0
4;3;3;9;54;15;11;0,35;8,12;60;53;97;1;2;1;0,75;211;3;44;5;1;0;17,2;5,89;4;45,00;0;0
4;0;0;0;43;15;11;0,00;0,65;7;7;3;0;2;0;0,06;17;0;40;0;0;0;0;3,5;4;13,00;0;0
4;0;0;3;44;15;11;0,12;2,92;26;11;39;0;2;0;0,25;76;3;40;0;0;0;5,67;5,33;4;25,00;0;0
4;1;0;5;32;15;11;0,19;3,27;32;29;23;1;2;1;0,27;85;4;29;0;1;0;4;8,33;4;39,00;0;0
4;0;0;1;6;15;11;0,04;0,96;3;5;17;0;1;0;0,24;25;1;6;0;0;0;10,67;7;4;28,00;0;2
5;1;2;0;47;15;11;0,00;2,92;15;29;16;9;2;0;0,09;76;0;43;1;0;0;1;3,25;4;16,00;0;1
4;0;0;1;47;15;11;0,04;3,00;13;36;29;0;2;1;0,22;78;0;41;0;1;0;9,6;2,78;4;15,00;0;3
6;0;0;2;50;15;11;0,08;3,15;21;33;27;1;2;0;0,21;82;2;46;0;0;0;2;6,13;4;29,00;0;0
3;0;1;1;45;15;11;0,04;1,54;10;16;14;0;2;1;0,14;40;0;41;0;1;0;2;6,14;4;30,00;0;0
3;0;0;0;45;15;11;0,00;1,77;16;13;16;1;2;0;0,10;46;0;42;0;0;0;0;3,75;4;21,00;0;0
5;0;1;0;32;15;11;0,00;1,31;15;8;9;2;2;0;0,09;34;0;29;0;0;0;0;2,5;4;11,00;0;1
5;2;1;9;65;15;11;0,35;11,62;69;95;97;2;2;5;0,75;256;0;52;8;9;0;17,2;13,43;4;70,00;0;1
1;0;0;4;5;15;11;0,15;0,77;12;5;2;1;0;0;0,09;20;0;5;0;0;0;4,5;6;4;6,00;0;0
4;0;0;7;45;15;11;0,27;2,31;18;12;30;0;2;3;0,30;60;3;37;2;3;0;2,5;4,29;4;21,00;0;0
4;0;1;16;64;15;11;0,62;5,00;25;55;49;1;2;2;0,39;130;13;59;1;3;0;8;4,2;4;32,00;0;1
2;1;1;0;16;15;11;0,00;1,15;3;13;14;0;0;0;0,08;30;0;15;0;0;0;0;13,43;4;16,00;0;1
4;0;1;21;44;15;11;0,81;2,46;15;24;24;1;2;0;0,26;64;17;37;2;0;0;1;4,33;4;25,00;0;3
4;1;0;0;51;15;11;0,00;5,23;59;37;38;2;0;0;0,33;136;0;42;5;0;0;15,75;4,13;4;27,00;0;0
4;0;1;5;52;15;11;0,19;4,88;18;35;68;6;2;2;0,30;127;1;42;7;4;0;2,25;6,5;4;34,00;0;0
4;1;1;33;76;15;11;1,92;8,04;39;78;73;9;2;5;0,75;209;17;67;6;10;0;11,5;5,5;4;36,00;0;0
5;0;0;0;45;15;11;0,00;2,65;17;27;8;9;2;0;0,12;69;0;41;1;0;0;1;3;4;15,00;0;0
4;1;0;8;55;15;11;0,31;4,92;17;47;62;2;0;1;0,74;128;6;49;1;1;0;11,75;13,43;4;70,00;0;0
4;0;0;11;55;15;11;0,42;2,38;9;32;17;4;2;0;0,26;62;8;49;1;0;0;5;4;4;22,00;0;0
6;4;2;13;70;15;11;0,50;5,31;44;69;25;0;2;2;0,48;138;8;60;4;2;0;16,67;7,38;4;40,00;0;1
5;0;1;5;71;15;11;0,19;10,65;58;95;97;3;2;2;0,29;256;2;52;10;3;0;3,2;13,43;4;70,00;0;4
1;1;0;0;10;15;11;0,00;0,50;5;6;2;0;0;0;0,09;13;0;10;0;0;0;7,6;6;4;6,00;0;0
4;0;1;2;47;15;11;0,08;5,69;40;50;54;4;2;0;0,22;148;2;44;0;0;0;2;12;4;61,00;0;0
4;1;0;1;47;15;11;0,04;1,38;10;21;5;0;1;1;0,12;36;0;43;0;1;0;3,5;2,78;4;14,00;0;0
3;0;0;5;49;15;11;0,19;2,88;17;27;31;0;2;1;0,27;75;3;45;0;1;0;6,5;6,57;4;29,00;0;0
4;0;4;26;60;15;11;1,00;1,96;23;18;10;0;2;0;0,29;51;17;50;0;0;0;5;9,29;4;57,00;0;0
6;3;1;10;63;15;11;0,38;5,42;54;53;34;0;2;0;0,61;141;6;52;1;0;1;17,2;7,4;4;58,00;0;0
4;1;2;8;48;15;11;0,31;3,31;36;33;17;0;2;0;0,33;86;8;44;1;0;0;10,5;7;4;41,00;0;0
4;0;0;2;56;15;11;0,08;5,12;27;46;60;0;1;0;0,42;133;2;53;0;0;0;12,8;7,56;4;54,00;0;3
4;0;0;18;57;15;11;0,69;3,73;21;35;40;1;2;0;0,27;97;10;46;1;0;0;7;7,56;4;55,00;0;0
5;1;0;2;34;15;11;0,08;2,88;29;21;22;3;2;1;0,28;75;0;29;1;1;0;8,5;6,83;4;34,00;0;1
3;1;0;17;60;15;11;0,65;6,00;57;55;44;0;2;4;0,36;156;8;45;8;7;0;6;6;4;33,00;0;0
4;0;0;9;45;15;11;0,35;5,96;25;69;49;9;2;0;0,51;155;9;43;0;0;0;7,75;7,38;4;43,00;0;0
4;1;1;10;64;15;11;0,38;11,46;50;95;97;9;2;1;0,36;256;3;51;6;3;0;5;9,86;4;60,00;0;3
4;0;0;1;53;15;11;0,04;2,12;20;15;17;3;2;0;0,13;55;1;45;5;0;0;4;3,11;4;19,00;0;0
6;3;1;33;68;15;11;1,42;5,65;28;67;43;9;2;3;0,38;147;17;57;4;3;1;16,5;8,71;4;50,00;1;0
1;0;0;0;49;15;11;0,00;1,00;8;15;3;0;1;0;0,17;26;0;44;0;0;0;6,5;2,25;4;11,00;0;0
5;1;0;0;45;15;11;0,00;1,27;23;5;5;0;2;0;0,12;33;0;42;0;0;0;9;5,63;4;32,00;0;0
1;0;0;0;45;15;11;0,00;0,81;10;7;4;0;0;0;0,12;21;0;42;0;0;0;0;2,63;4;11,00;0;0
4;2;0;31;70;15;11;1,19;3,69;40;19;37;0;2;4;0,14;96;11;52;10;10;0;1,75;5,29;4;27,00;0;0
4;0;0;1;42;15;11;0,04;2,81;24;23;25;1;2;0;0,30;73;1;38;0;0;0;4,75;4,88;4;29,00;0;3
4;0;0;33;76;15;11;1,27;9,85;43;51;97;5;2;0;0,75;256;17;69;0;0;0;11;7,67;4;56,00;0;0
3;0;0;0;17;15;11;0,00;1,81;24;20;3;0;0;0;0,12;47;0;15;0;0;0;5,4;5,75;4;23,00;0;0
2;0;0;0;14;15;11;0,00;1,00;6;20;0;0;0;0;0,12;26;0;12;0;0;0;12;3,33;4;10,00;0;0
0;0;0;0;17;15;11;0,00;0,27;2;4;1;0;0;0;0,01;7;0;15;2;0;0;0;1;4;2,00;0;0
5;0;1;0;51;15;11;0,00;5,50;44;46;51;2;2;0;0,40;143;0;44;2;0;0;1;11;4;69,00;0;1
5;2;1;13;44;15;11;0,50;4,42;22;78;13;2;2;5;0,45;115;6;36;4;5;0;5,4;4;4;21,00;0;0
1;1;0;8;51;15;11;0,31;2,31;31;19;9;1;1;0;0,10;60;6;46;0;0;0;8;3,6;4;15,00;0;0
5;0;0;6;49;15;11;0,23;2,15;10;16;26;4;2;0;0,48;56;3;45;0;0;0;4,67;7,71;4;42,00;0;2
5;1;2;32;65;15;11;1,23;5,31;66;36;36;0;2;0;0,40;138;17;52;3;0;0;10;8;4;48,00;0;0
4;0;1;3;45;15;11;0,12;3,96;34;41;28;0;2;3;0,24;103;0;40;2;3;0;7,33;4,57;4;27,00;0;0
5;1;2;6;51;15;11;0,23;3,04;25;34;20;0;2;3;0,42;79;1;40;8;5;0;14,2;4,57;4;26,00;0;0
4;0;0;0;47;15;11;0,00;2,62;27;21;20;0;2;0;0,19;68;0;41;1;0;0;7,67;3,25;4;19,00;0;3
3;0;0;24;66;15;11;0,92;8,04;69;80;60;0;2;5;0,17;209;4;46;10;10;0;5;7,57;4;47,00;0;0
4;3;4;33;76;15;11;1,92;11,62;69;95;97;4;2;5;0,75;256;17;69;10;10;0;7,67;13,43;4;70,00;0;0
6;3;1;7;58;15;11;0,27;3,81;26;34;39;0;2;0;0,49;99;5;51;1;0;0;17,2;6,11;4;36,00;0;2
5;1;1;0;43;15;11;0,00;2,88;7;46;22;0;2;0;0,72;75;0;40;0;0;0;10,5;7;4;48,00;1;0
3;0;0;0;35;15;11;0,00;3,42;18;19;52;0;1;0;0,30;89;0;31;0;0;0;9,4;3;4;17,00;0;0
4;0;1;1;32;15;11;0,04;1,31;8;1;24;1;2;0;0,19;34;1;29;0;0;0;3;3,14;4;11,00;0;0
3;0;0;0;6;15;11;0,00;2,23;12;42;4;0;0;0;0,21;58;0;5;0;0;0;6;4,38;4;21,00;0;0
2;1;1;0;7;15;11;0,00;0,62;0;8;8;0;1;0;0,05;16;0;7;0;0;0;0;2,5;4;5,00;0;0
4;0;0;6;49;15;11;0,23;4,58;23;48;48;0;2;1;0,75;119;5;45;1;1;0;17,2;9,67;4;63,00;0;3
4;0;1;1;50;15;11;0,04;2,15;10;30;16;0;1;0;0,17;56;0;43;2;0;0;7;5,11;4;33,00;0;0
4;0;1;7;53;15;11;0,27;3,58;18;37;38;0;2;1;0,27;93;1;41;9;6;0;5,67;6,67;4;34,00;0;0
4;0;0;1;47;15;11;0,04;3,31;47;17;21;1;2;0;0,17;86;1;40;3;0;0;1;6;4;34,00;0;0
1;0;0;0;1;15;11;0,00;0,31;4;1;3;0;0;0;0,03;8;0;1;0;0;0;0;8;4;8,00;0;0
6;1;0;0;34;15;11;0,00;1,27;14;5;13;1;2;0;0,19;33;0;31;0;0;0;0;4,43;4;24,00;0;2
5;1;0;33;76;15;11;1,92;5,73;28;66;55;0;2;4;0,31;149;17;65;8;10;0;7,5;6,17;4;27,00;0;0
6;1;1;33;76;15;11;1,42;11,62;69;95;97;5;2;5;0,75;256;17;69;5;6;0;7,6;13,43;4;70,00;0;4
5;0;1;33;58;15;11;1,27;8,31;66;81;62;7;2;5;0,75;216;14;44;10;10;0;17,2;11,44;4;70,00;0;1
4;1;1;1;47;15;11;0,04;1,81;23;7;17;0;2;0;0,13;47;1;41;1;0;0;1;4,5;4;20,00;0;0
5;1;0;1;55;15;11;0,04;2,19;17;26;13;1;2;1;0,16;57;0;50;2;1;0;8,25;4,78;4;29,00;0;0
0;0;0;2;47;15;11;0,08;2,54;29;33;4;0;2;2;0,12;66;0;43;1;2;0;4;3,67;4;3,00;0;0
5;0;1;33;73;15;11;1,38;4,96;31;38;51;9;1;4;0,62;129;17;69;1;4;0;17,2;6,11;4;41,00;0;4
3;0;0;10;57;15;11;0,38;3,58;9;31;53;0;2;1;0,42;93;6;51;0;1;0;7;8,88;4;37,00;0;0
4;0;0;21;67;15;11;0,81;7,08;27;65;90;2;2;2;0,75;184;6;47;10;10;0;17,2;9,9;4;70,00;0;0
4;0;1;7;46;15;11;0,27;6,81;41;55;35;9;2;2;0,26;177;2;39;4;5;0;1,67;4,33;4;27,00;0;0
4;3;1;33;66;15;11;1,27;5,38;19;68;53;0;2;0;0,49;140;0;48;0;0;0;14;7,89;4;58,00;0;0
5;1;1;33;76;15;11;1,92;11,62;66;95;97;2;2;5;0,54;256;17;69;10;10;0;6;13,43;4;70,00;0;1
4;1;0;5;65;15;11;0,19;7,85;58;94;47;5;2;1;0,27;204;2;52;9;3;0;1;6,75;4;46,00;0;0
4;0;1;8;46;15;11;0,31;3,31;13;25;43;5;2;1;0,34;86;4;40;3;1;0;2,67;4,5;4;27,00;0;0
4;0;1;32;76;15;11;1,23;11,62;69;95;72;8;2;4;0,75;256;10;62;10;10;0;10,75;11,1;4;70,00;0;3
4;0;0;0;44;15;11;0,00;1,12;14;9;6;0;2;0;0,10;29;0;40;0;0;0;17,2;4,29;4;20,00;0;0
4;1;2;1;51;15;11;0,04;2,88;32;29;14;0;2;1;0,52;75;0;45;2;1;0;12,75;8,17;4;42,00;0;0
4;0;2;2;51;15;11;0,08;2,73;16;30;25;0;2;0;0,17;71;1;44;0;0;0;4,33;3,5;4;20,00;0;4
1;0;0;9;51;15;11;0,35;1,92;22;12;16;0;2;0;0,12;50;9;46;1;0;0;1;3,2;4;18,00;0;0
4;1;0;11;63;15;11;0,42;3,46;27;27;36;0;2;2;0,22;90;8;58;1;3;0;7;5,5;4;22,00;0;0
4;0;0;0;46;15;11;0,00;2,19;15;17;25;0;1;0;0,10;57;0;41;0;0;0;0;4,86;4;27,00;0;4
5;0;0;13;67;15;11;0,50;7,38;25;95;51;2;2;4;0,29;192;3;47;10;10;0;5,5;7,71;4;47,00;0;0
0;0;0;0;0;15;11;0,00;0,38;1;3;6;0;0;0;0,02;10;0;0;0;0;0;6;1;4;1,00;0;0
2;1;0;1;44;15;11;0,04;1,23;11;9;12;0;2;0;0,04;32;1;40;0;0;1;0;2;4;4,00;1;0
4;0;0;2;44;15;11;0,08;2,42;15;6;42;0;2;0;0,27;63;2;40;0;0;0;0;5;4;29,00;0;1
6;2;1;0;59;15;11;0,00;4,65;17;67;36;1;2;0;0,29;121;0;51;1;0;0;10;8,14;4;47,00;0;0
5;0;0;1;54;15;11;0,04;4,65;17;86;16;2;2;0;0,75;121;1;48;3;0;0;17,2;13,43;4;70,00;0;2
4;1;1;33;75;14;11;1,27;5,15;33;43;54;4;2;0;0,48;134;17;69;1;0;0;4;10,83;4;57,00;0;0
1;0;0;1;39;14;11;0,04;1,54;12;8;20;0;1;0;0,06;40;1;36;0;0;0;1;1,86;4;6,00;0;1
0;0;0;1;4;14;11;0,04;0,31;5;0;3;0;0;1;0,00;8;0;4;0;1;0;0;0;4;0,00;0;0
4;1;0;10;56;14;11;0,38;2,65;26;21;21;1;2;0;0,27;69;8;50;0;0;0;11,2;3,5;4;20,00;0;0
4;0;0;4;48;14;11;0,15;2,12;16;20;19;0;2;0;0,16;55;2;41;0;0;0;0;5,86;4;37,00;0;3
5;2;0;31;76;14;11;1,19;5,81;60;60;31;0;2;4;0,18;151;16;61;10;9;0;6,5;4,83;4;23,00;0;0
4;1;1;26;46;14;11;1,00;3,50;15;40;34;2;2;0;0,42;91;17;43;0;0;0;11,33;7,22;4;55,00;0;1
3;1;0;14;62;14;11;0,54;2,88;40;10;25;0;2;4;0,43;75;3;43;10;7;0;10,5;3,17;4;15,00;0;0
4;1;2;0;54;14;11;0,00;2,35;11;25;23;2;2;0;0,06;61;0;49;1;0;0;0;3,33;4;11,00;0;0
4;1;1;2;49;14;11;0,08;3,15;17;21;40;4;2;0;0,08;82;1;44;2;0;0;0;2,25;4;10,00;0;0
4;1;1;0;45;14;11;0,00;2,96;16;32;29;0;2;0;0,12;77;0;41;1;0;0;1;2,5;4;10,00;0;0
2;0;0;1;3;14;11;0,04;0,65;3;7;7;0;1;0;0,02;17;1;3;0;0;0;5;1,5;4;3,00;0;2
1;1;0;0;0;14;11;0,00;0,62;12;2;2;0;0;0;0,03;16;0;0;0;0;0;1,5;2;4;2,00;0;0
2;1;0;5;44;14;11;0,19;1,85;11;10;21;6;0;3;0,20;48;0;40;1;5;0;7,67;12,5;4;25,00;0;0
0;0;0;0;0;14;11;0,00;0,54;3;6;5;0;0;0;0,02;14;0;0;0;0;0;1;1;4;3,00;0;0
4;1;0;33;76;14;11;1,42;4,19;34;37;37;1;2;5;0,22;109;11;55;10;10;0;3,4;7;4;38,00;0;0
4;1;0;30;67;14;11;1,15;11,62;69;95;97;9;2;1;0,75;256;17;63;0;1;0;8,4;13,43;4;70,00;0;0
1;1;0;0;15;14;11;0,00;0,27;2;2;3;0;0;0;0,06;7;0;12;1;0;0;0;5;4;5,00;0;0
1;1;0;0;47;14;11;0,00;1,19;13;7;11;0;1;0;0,06;31;0;44;0;0;0;0;13;4;13,00;0;0
4;1;1;10;50;14;11;0,38;3,04;40;24;15;0;2;0;0,47;79;7;43;0;0;0;17,2;4,17;4;20,00;0;2
2;2;1;1;51;14;11;0,04;3,00;49;23;5;1;2;0;0,14;78;1;45;2;0;0;2;2,4;4;6,00;0;0
4;1;0;5;53;14;11;0,19;7,31;50;65;73;2;2;0;0,44;190;3;44;1;0;0;10;8,86;4;54,00;0;0
4;0;0;13;54;14;11;0,50;2,85;47;19;8;0;2;5;0,12;74;5;47;2;7;0;1;3,83;4;18,00;0;2
4;1;0;2;50;14;11;0,08;1,62;15;8;19;0;0;0;0,07;42;1;44;0;0;0;0;2,29;4;10,00;0;0
4;2;2;9;54;14;11;0,35;8,12;60;53;97;1;2;1;0,40;211;3;44;5;1;0;17,2;4,67;4;24,00;0;0
2;1;0;0;43;14;11;0,00;0,65;7;7;3;0;2;0;0,04;17;0;40;0;0;0;0;2,8;4;5,00;0;0
4;1;1;3;44;14;11;0,12;2,92;26;11;39;0;2;0;0,19;76;3;40;0;0;0;9,5;7,67;4;37,00;0;1
5;1;0;5;32;14;11;0,19;3,27;32;29;23;1;2;1;0,26;85;4;29;0;1;0;3;5,71;4;32,00;0;0
2;1;0;1;6;14;11;0,04;0,96;3;5;17;0;1;0;0,14;25;1;6;0;0;0;8;3;4;6,00;0;0
4;1;1;0;47;14;11;0,00;2,92;15;29;16;9;2;0;0,08;76;0;43;1;0;0;1;2,5;4;10,00;0;0
4;0;2;1;47;14;11;0,04;3,00;13;36;29;0;1;1;0,16;78;0;41;0;1;0;7;2,57;4;12,00;0;4
5;1;0;2;50;14;11;0,08;3,15;21;33;27;1;2;0;0,08;82;2;46;0;0;0;0;4,17;4;19,00;0;0
3;1;0;1;45;14;11;0,04;1,54;10;16;14;0;2;1;0,11;40;0;41;0;1;0;1;4,5;4;20,00;0;0
3;1;0;0;45;14;11;0,00;1,77;16;13;16;1;2;0;0,08;46;0;42;0;0;0;0;5,2;4;21,00;0;0
4;2;1;0;32;14;11;0,00;1,31;15;8;9;2;1;0;0,12;34;0;29;0;0;0;0;4,57;4;15,00;0;0
6;3;3;9;65;14;11;0,35;11,62;69;95;97;2;2;5;0,59;256;0;52;8;9;0;17,2;13,43;4;70,00;0;0
1;1;0;4;5;14;11;0,15;0,77;12;5;2;1;0;0;0,02;20;0;5;0;0;0;4;5;4;5,00;0;0
4;1;1;7;45;14;11;0,27;2,31;18;12;30;0;2;3;0,13;60;3;37;2;3;0;0;4;4;20,00;0;0
4;0;1;16;64;14;11;0,62;5,00;25;55;49;1;1;2;0,44;130;13;59;1;3;0;17,2;4,83;4;25,00;0;0
1;1;0;0;16;14;11;0,00;1,15;3;13;14;0;0;0;0,10;30;0;15;0;0;0;1;6,5;4;13,00;0;0
6;3;1;21;44;14;11;0,81;2,46;15;24;24;1;2;0;0,24;64;17;37;2;0;0;1;5;4;28,00;0;3
5;2;0;0;51;14;11;0,00;5,23;59;37;38;2;0;0;0,35;136;0;42;5;0;0;17,2;5,5;4;34,00;0;0
4;1;0;5;52;14;11;0,19;4,88;18;35;68;6;2;2;0,21;127;1;42;7;4;0;8,25;4,17;4;20,00;0;0
4;1;2;33;76;14;11;1,92;8,04;39;78;73;9;2;5;0,39;209;17;65;6;10;0;11,33;6,5;4;29,00;0;0
4;1;0;0;45;14;11;0,00;2,65;17;27;8;9;2;0;0,09;69;0;41;1;0;0;1;4,83;4;22,00;0;0
3;1;1;8;55;14;11;0,31;4,92;17;47;62;2;0;1;0,34;128;6;49;1;1;0;4,75;9,2;4;43,00;0;0
4;1;1;11;55;14;11;0,42;2,38;9;32;17;4;2;0;0,11;62;6;47;1;0;0;1;4,17;4;21,00;0;0
4;1;3;13;70;14;11;0,50;5,31;44;69;25;0;2;2;0,75;138;8;60;4;2;0;8,8;7,17;4;33,00;0;0
4;1;2;5;71;14;11;0,19;10,65;58;95;97;3;2;2;0,18;256;2;52;10;3;0;9;11,67;4;64,00;0;4
1;1;0;0;10;14;11;0,00;0,50;5;6;2;0;0;0;0,04;13;0;10;0;0;0;17,2;2;4;2,00;0;0
4;1;1;2;47;14;11;0,08;5,69;40;50;54;4;2;0;0,20;148;2;44;0;0;0;0;10,67;4;54,00;0;0
4;2;1;1;47;14;11;0,04;1,38;10;21;5;0;1;1;0,08;36;0;43;0;1;0;2;3,29;4;14,00;0;0
4;2;0;5;49;14;11;0,19;2,88;17;27;31;0;2;1;0,13;75;3;45;0;1;0;0;6;4;29,00;0;0
3;0;4;26;60;14;11;1,00;1,96;23;18;10;0;2;0;0,16;51;17;50;0;0;0;1;6,5;4;36,00;0;0
4;1;1;10;63;14;11;0,38;5,42;54;53;34;0;2;0;0,51;141;6;52;1;0;0;17,2;5;4;28,00;0;0
5;2;0;8;48;14;11;0,31;3,31;36;33;17;0;2;0;0,14;86;8;44;1;0;0;0;5,67;4;23,00;0;0
4;1;0;2;56;14;11;0,08;5,12;27;46;60;0;1;0;0,75;133;2;53;0;0;0;17,2;4,88;4;33,00;0;4
3;1;3;18;57;14;11;0,69;3,73;21;35;40;1;2;0;0,09;97;10;46;1;0;0;4;4,5;4;23,00;0;0
4;0;2;2;34;14;11;0,08;2,88;29;21;22;3;2;1;0,18;75;0;29;1;1;0;6,5;6,33;4;33,00;0;0
4;1;0;17;60;14;11;0,65;6,00;57;55;44;0;2;4;0,45;156;7;44;8;7;0;5,8;6,75;4;45,00;0;0
4;1;0;9;45;14;11;0,35;5,96;25;69;49;9;2;0;0,23;155;9;43;0;0;0;1,5;7,25;4;47,00;0;0
5;2;1;10;64;14;11;0,38;11,46;50;95;97;9;2;1;0,24;256;3;51;6;3;0;3,5;10,86;4;66,00;0;2
4;2;0;1;53;14;11;0,04;2,12;20;15;17;3;2;0;0,11;55;1;45;5;0;0;4;2,67;4;12,00;0;0
4;1;1;33;68;14;11;1,42;5,65;28;67;43;9;2;3;0,29;147;17;57;4;3;0;12,75;5,67;4;30,00;0;1
3;0;0;0;49;14;11;0,00;1,00;8;15;3;0;1;0;0,12;26;0;44;0;0;0;7,2;2,71;4;10,00;0;0
2;0;1;0;45;14;11;0,00;1,27;23;5;5;0;2;0;0,07;33;0;42;0;0;0;0;4,29;4;15,00;0;0
0;0;0;0;45;14;11;0,00;0,81;10;7;4;0;0;0;0,02;21;0;42;0;0;0;0;2,25;4;1,00;0;0
4;1;0;31;70;14;11;1,19;3,69;40;19;37;0;2;4;0,08;96;11;52;10;10;0;3,25;4,33;4;20,00;0;0
4;1;0;1;42;14;11;0,04;2,81;24;23;25;1;2;0;0,23;73;1;38;0;0;0;6,5;4,43;4;25,00;0;4
5;1;1;33;76;14;11;1,27;9,85;43;51;97;5;0;0;0,42;256;17;69;0;0;0;7,5;5;4;27,00;0;1
3;1;0;0;17;14;11;0,00;1,81;24;20;3;0;0;0;0,08;47;0;15;0;0;0;3,25;4,5;4;18,00;0;0
2;1;0;0;14;14;11;0,00;1,00;6;20;0;0;0;0;0,02;26;0;12;0;0;0;7;3,5;4;7,00;0;0
0;0;0;0;17;14;11;0,00;0,27;2;4;1;0;0;0;0,00;7;0;15;2;0;0;0;0;4;0,00;0;0
4;1;0;0;51;14;11;0,00;5,50;44;46;51;2;2;0;0,24;143;0;44;2;0;0;0;8,5;4;40,00;0;0
6;0;1;15;67;14;11;0,58;5,08;29;41;61;1;2;1;0,34;132;11;51;4;1;0;16;7,71;4;46,00;0;1
5;1;0;13;44;14;11;0,50;4,42;22;78;13;2;2;5;0,20;115;6;36;4;5;0;5,25;4,57;4;26,00;0;0
1;1;0;8;51;14;11;0,31;2,31;31;19;9;1;1;0;0,10;60;6;46;0;0;0;0;4;4;12,00;0;0
6;2;1;5;48;14;11;0,19;4,69;31;76;13;2;2;0;0,31;122;2;41;1;0;0;6;9,83;4;53,00;0;2
2;1;0;6;49;14;11;0,23;2,15;10;16;26;4;1;0;0,13;56;3;45;0;0;0;6,75;5;4;23,00;0;1
6;1;2;32;65;14;11;1,23;5,31;66;36;36;0;2;0;0,15;138;17;52;3;0;0;2,25;6,43;4;36,00;0;1
4;1;0;3;45;14;11;0,12;3,96;34;41;28;0;2;3;0,19;103;0;40;2;3;0;10,33;4,83;4;23,00;0;0
4;1;0;6;51;14;11;0,23;3,04;25;34;20;0;1;3;0,21;79;1;40;8;5;0;9,25;2,83;4;13,00;0;0
4;0;0;0;47;14;11;0,00;2,62;27;21;20;0;1;0;0,11;68;0;41;1;0;0;5,67;2,83;4;13,00;0;4
2;1;0;24;66;14;11;0,92;8,04;69;80;60;0;2;5;0,19;209;4;46;10;10;0;4,75;7,17;4;35,00;0;0
4;3;2;33;76;14;11;1,92;11,62;69;95;97;4;2;5;0,56;256;17;69;10;10;0;3,75;13,43;4;70,00;0;0
4;1;0;7;58;14;11;0,27;3,81;26;34;39;0;2;0;0,29;99;5;51;1;0;0;6,4;5,86;4;35,00;0;0
4;1;1;0;43;14;11;0,00;2,88;7;46;22;0;2;0;0,45;75;0;40;0;0;0;10;5,75;4;39,00;0;0
3;1;0;0;35;14;11;0,00;3,42;18;19;52;0;2;0;0,08;89;0;31;0;0;0;3;2,5;4;9,00;0;0
4;1;1;1;32;14;11;0,04;1,31;8;1;24;1;1;0;0,09;34;1;29;0;0;0;0;2,88;4;14,00;0;0
3;0;0;0;6;14;11;0,00;2,23;12;42;4;0;1;0;0,20;58;0;5;0;0;0;10,25;3,67;4;19,00;0;0
3;3;1;0;7;14;11;0,00;0,62;0;8;8;0;1;0;0,06;16;0;7;0;0;0;0;5,5;4;11,00;0;0
5;0;0;6;49;14;11;0,23;4,58;23;48;48;0;2;1;0,47;119;5;45;1;1;0;6;6,88;4;42,00;0;4
4;1;0;1;50;14;11;0,04;2,15;10;30;16;0;1;0;0,10;56;0;43;2;0;0;6;3,38;4;18,00;0;0
4;2;0;7;53;14;11;0,27;3,58;18;37;38;0;2;1;0,16;93;1;41;9;6;0;6;5,17;4;26,00;0;0
4;1;0;1;47;14;11;0,04;3,31;47;17;21;1;2;0;0,11;86;1;40;3;0;0;1;3,33;4;15,00;0;0
4;0;1;1;54;14;11;0,04;4,27;19;63;28;1;2;0;0,13;111;1;51;0;0;0;0;5,88;4;35,00;0;0
1;1;0;0;1;14;11;0,00;0,31;4;1;3;0;0;0;0,01;8;0;1;0;0;0;0;4;4;4,00;0;0
4;2;0;0;34;14;11;0,00;1,27;14;5;13;1;1;0;0,07;33;0;31;0;0;0;0;3,14;4;12,00;0;3
4;1;2;33;76;14;11;1,92;5,73;28;66;55;0;2;4;0,35;149;17;65;8;10;0;15;6,17;4;27,00;0;0
4;0;0;33;76;14;11;1,42;11,62;69;95;97;5;2;5;0,40;256;17;69;5;6;0;2,6;13,43;4;70,00;0;4
4;1;1;33;58;14;11;1,27;8,31;66;81;62;7;2;5;0,42;216;14;44;10;10;0;16,2;6,5;4;43,00;0;0
4;1;0;1;47;14;11;0,04;1,81;23;7;17;0;0;0;0,06;47;1;41;1;0;0;0;2,5;4;11,00;0;1
4;1;1;1;55;14;11;0,04;2,19;17;26;13;1;2;1;0,16;57;0;50;2;1;0;7;3,83;4;14,00;0;0
0;0;0;2;47;14;11;0,08;2,54;29;33;4;0;1;2;0,06;66;0;43;1;2;0;2;2,75;4;1,00;0;0
4;0;0;33;73;14;11;1,38;4,96;31;38;51;9;1;4;0,26;129;17;69;1;4;0;11;6,25;4;37,00;0;4
3;1;0;10;57;14;11;0,38;3,58;9;31;53;0;2;1;0,37;93;6;51;0;1;0;10,5;6;4;33,00;0;0
4;2;0;21;67;14;11;0,81;7,08;27;65;90;2;2;2;0,65;184;6;47;10;10;0;15,4;11,86;4;70,00;0;0
5;3;1;7;46;14;11;0,27;6,81;41;55;35;9;2;2;0,17;177;2;39;4;5;0;10;3;4;14,00;0;0
4;1;0;33;66;14;11;1,27;5,38;19;68;53;0;2;0;0,43;140;0;48;0;0;0;9;6;4;40,00;0;0
6;1;4;33;76;14;11;1,92;11,62;66;95;97;2;2;5;0,40;256;17;69;10;10;0;2,25;13,43;4;70,00;0;2
4;1;0;5;65;14;11;0,19;7,85;58;94;47;5;2;1;0,21;204;2;52;9;3;0;0;7,17;4;38,00;0;0
4;0;1;8;46;14;11;0,31;3,31;13;25;43;5;2;1;0,09;86;4;40;3;1;0;0;3,5;4;16,00;0;0
4;0;1;32;76;14;11;1,23;11,62;69;95;72;8;2;4;0,69;256;10;62;10;10;0;1,75;12,63;4;70,00;0;4
1;0;0;0;44;14;11;0,00;1,12;14;9;6;0;2;0;0,03;29;0;40;0;0;0;0;2,43;4;8,00;0;0
4;1;1;1;51;14;11;0,04;2,88;32;29;14;0;2;1;0,30;75;0;45;2;1;0;15,25;5,5;4;28,00;0;0
5;1;2;2;51;14;11;0,08;2,73;16;30;25;0;1;0;0,15;71;1;44;0;0;0;1;4,67;4;21,00;0;4
1;0;0;9;51;14;11;0,35;1,92;22;12;16;0;1;0;0,07;50;7;45;1;0;0;1;2,71;4;8,00;0;0
5;1;0;24;68;14;11;0,92;9,08;69;95;36;2;2;4;0,45;236;13;57;8;10;0;13,5;13,43;4;70,00;0;0
4;2;1;11;63;14;11;0,42;3,46;27;27;36;0;2;2;0,75;90;8;58;1;3;0;6;5,75;4;23,00;0;0
4;0;1;0;46;14;11;0,00;2,19;15;17;25;0;1;0;0,11;57;0;41;0;0;0;15;3,83;4;18,00;0;4
5;2;1;13;67;14;11;0,50;7,38;25;95;51;2;2;4;0,31;192;1;46;10;10;0;12,33;5,29;4;30,00;1;0
0;0;0;0;0;14;11;0,00;0,38;1;3;6;0;0;0;0,00;10;0;0;0;0;0;0;1;4;1,00;0;0
1;0;0;1;44;14;11;0,04;1,23;11;9;12;0;1;0;0,04;32;1;40;0;0;0;3,5;2,67;4;2,00;0;0
4;1;0;2;44;14;11;0,08;2,42;15;6;42;0;2;0;0,11;63;2;40;0;0;0;0;4,17;4;16,00;0;1
5;1;0;0;59;14;11;0,00;4,65;17;67;36;1;2;0;0,27;121;0;51;1;0;0;10;5,17;4;23,00;0;0
4;1;1;1;54;14;11;0,04;4,65;17;86;16;2;2;0;0,68;121;1;48;3;0;0;17,2;7,29;4;42,00;0;0
4;1;1;33;75;8;14;1,27;5,15;33;43;54;4;2;0;0,22;134;17;69;1;0;0;3;9,14;4;58,00;0;0
1;0;0;1;39;8;14;0,04;1,54;12;8;20;0;1;0;0,10;40;1;38;0;0;0;1;2,4;4;5,00;0;1
0;0;0;1;4;8;14;0,04;0,31;5;0;3;0;0;1;0,03;8;0;4;0;1;0;8;0;4;0,00;0;0
4;0;0;10;56;8;14;0,38;2,65;26;21;21;1;2;0;0,11;69;8;52;0;0;0;1,33;4,38;4;25,00;0;0
4;0;0;4;48;8;14;0,15;2,12;16;20;19;0;2;0;0,06;55;2;43;0;0;0;0;2,57;4;12,00;0;3
3;0;0;31;76;8;14;1,19;5,81;60;60;31;0;2;4;0,26;151;16;63;10;9;0;1;5,29;4;29,00;0;0
5;0;2;26;46;8;14;1,00;3,50;15;40;34;2;1;0;0,20;91;17;45;0;0;0;1;3,78;4;25,00;0;2
3;0;0;14;62;8;14;0,54;2,88;40;10;25;0;2;4;0,35;75;3;46;10;7;0;8,25;3,43;4;18,00;0;0
5;1;0;0;54;8;14;0,00;2,35;11;25;23;2;1;0;0,06;61;0;51;1;0;0;1;3,71;4;13,00;0;0
4;1;1;2;49;8;14;0,08;3,15;17;21;40;4;1;0;0,10;82;1;46;2;0;0;0;3,5;4;18,00;0;0
4;0;0;0;45;8;14;0,00;2,96;16;32;29;0;1;0;0,09;77;0;43;1;0;0;1;2,71;4;11,00;0;0
2;0;0;1;3;8;14;0,04;0,65;3;7;7;0;0;0;0,02;17;1;3;0;0;0;0;2;4;4,00;0;2
1;0;0;0;0;8;14;0,00;0,62;12;2;2;0;0;0;0,02;16;0;0;0;0;0;1,67;2;4;2,00;0;0
2;0;0;5;44;8;14;0,19;1,85;11;10;21;6;0;3;0,38;48;0;42;1;5;0;5,25;13;4;26,00;0;0
0;0;0;0;0;8;14;0,00;0,54;3;6;5;0;0;0;0,04;14;0;0;0;0;0;1;2;4;8,00;0;0
4;0;2;33;76;8;14;1,42;4,19;34;37;37;1;2;5;0,25;109;11;57;10;10;0;2,75;5,75;4;39,00;0;0
5;1;3;30;67;8;14;1,15;11,62;69;95;97;9;2;1;0,75;256;17;66;0;1;0;6,86;13,43;4;70,00;0;1
1;0;0;0;15;8;14;0,00;0,27;2;2;3;0;0;0;0,03;7;0;12;1;0;0;0;6;4;6,00;0;0
2;1;1;0;47;8;14;0,00;1,19;13;7;11;0;1;0;0,06;31;0;46;0;0;0;0;8;4;15,00;0;1
4;2;0;10;50;8;14;0,38;3,04;40;24;15;0;1;0;0,28;79;7;45;0;0;0;11,8;4,14;4;20,00;0;0
3;0;2;1;51;8;14;0,04;3,00;49;23;5;1;2;0;0,21;78;1;47;2;0;0;6;4;4;18,00;0;0
4;0;1;5;53;8;14;0,19;7,31;50;65;73;2;2;0;0,65;190;4;46;1;0;0;5,67;8,71;4;49,00;0;0
4;0;2;13;54;8;14;0,50;2,85;47;19;8;0;2;5;0,12;74;5;49;2;7;0;1;3,57;4;18,00;0;2
4;0;0;2;50;8;14;0,08;1,62;15;8;19;0;1;0;0,10;42;1;46;0;0;0;3;2,71;4;11,00;0;1
4;1;1;9;54;8;14;0,35;8,12;60;53;97;1;2;1;0,38;211;3;46;5;1;0;17,2;5,43;4;30,00;0;0
2;0;0;0;43;8;14;0,00;0,65;7;7;3;0;1;0;0,25;17;0;42;0;0;0;0;3,8;4;12,00;0;0
5;1;1;3;44;8;14;0,12;2,92;26;11;39;0;2;0;0,27;76;3;42;0;0;0;2,5;5;4;27,00;0;0
4;0;1;5;32;8;14;0,19;3,27;32;29;23;1;1;1;0,31;85;4;31;0;1;0;2;5,13;4;31,00;0;0
3;0;1;1;6;8;14;0,04;0,96;3;5;17;0;1;0;0,18;25;1;6;0;0;0;17,2;4,67;4;14,00;0;0
4;0;0;0;47;8;14;0,00;2,92;15;29;16;9;1;0;0,07;76;0;45;1;0;0;1;2,88;4;14,00;0;0
4;0;2;1;47;8;14;0,04;3,00;13;36;29;0;2;1;0,16;78;0;44;0;1;0;7,75;3;4;14,00;0;4
3;0;0;2;50;8;14;0,08;3,15;21;33;27;1;1;0;0,14;82;2;48;0;0;0;0;6;4;31,00;0;0
3;0;0;1;45;8;14;0,04;1,54;10;16;14;0;1;1;0,12;40;0;43;0;1;0;1;4,38;4;22,00;0;0
2;0;0;0;45;8;14;0,00;1,77;16;13;16;1;1;0;0,07;46;0;44;0;0;0;0;4,25;4;20,00;0;0
4;1;0;0;32;8;14;0,00;1,31;15;8;9;2;1;0;0,12;34;0;31;0;0;0;0;3,14;4;14,00;0;1
5;1;1;9;65;8;14;0,35;11,62;69;95;97;2;1;5;0,69;256;0;55;8;9;0;17,2;13,43;4;70,00;0;0
1;0;0;4;5;8;14;0,15;0,77;12;5;2;1;0;0;0,02;20;1;5;0;0;0;3;4;4;4,00;0;0
4;0;0;7;45;8;14;0,27;2,31;18;12;30;0;2;3;0,21;60;3;40;2;3;0;0;4;4;22,00;0;0
4;0;0;16;64;8;14;0,62;5,00;25;55;49;1;2;2;0,61;130;13;61;1;3;0;17,2;6,14;4;36,00;0;0
1;0;0;0;16;8;14;0,00;1,15;3;13;14;0;0;0;0,09;30;0;15;0;0;0;2,75;13,43;4;15,00;0;0
4;0;0;21;44;8;14;0,81;2,46;15;24;24;1;1;0;0,17;64;17;40;2;0;0;0;3,38;4;16,00;0;3
4;0;2;0;51;8;14;0,00;5,23;59;37;38;2;0;0;0,24;136;0;44;5;0;0;8,8;5,43;4;32,00;0;0
5;0;0;5;52;8;14;0,19;4,88;18;35;68;6;1;2;0,39;127;1;44;7;4;0;1,5;3,63;4;22,00;0;0
4;0;2;33;76;8;14;1,92;8,04;39;78;73;9;1;5;0,34;209;17;69;6;10;0;9,2;6,5;4;35,00;0;0
4;0;0;0;45;8;14;0,00;2,65;17;27;8;9;1;0;0,08;69;0;43;1;0;0;1;3;4;16,00;0;0
5;1;0;8;55;8;14;0,31;4,92;17;47;62;2;1;1;0,21;128;6;51;1;1;0;6,33;8,4;4;37,00;0;0
4;0;0;11;55;8;14;0,42;2,38;9;32;17;4;1;0;0,11;62;7;50;1;0;0;0;3;4;15,00;0;0
5;1;1;13;70;8;14;0,50;5,31;44;69;25;0;1;2;0,37;138;8;62;4;2;0;5,67;6,56;4;42,00;0;0
4;1;0;5;71;8;14;0,19;10,65;58;95;97;3;2;2;0,26;256;2;55;10;3;0;9,67;13,43;4;70,00;0;3
2;0;0;0;10;8;14;0,00;0,50;5;6;2;0;0;0;0,09;13;0;10;0;0;0;6,25;4;4;4,00;0;0
4;0;1;2;47;8;14;0,08;5,69;40;50;54;4;1;0;0,75;148;2;46;0;0;0;0;9,57;4;57,00;0;0
4;0;0;1;47;8;14;0,04;1,38;10;21;5;0;0;1;0,05;36;0;45;0;1;0;3,5;3,25;4;14,00;0;0
4;0;1;5;49;8;14;0,19;2,88;17;27;31;0;2;1;0,16;75;3;47;0;1;0;0;5,67;4;27,00;0;0
3;0;1;26;60;8;14;1,00;1,96;23;18;10;0;1;0;0,15;51;17;52;0;0;0;2,5;4,14;4;25,00;0;0
5;0;0;10;63;8;14;0,38;5,42;54;53;34;0;2;0;0,37;141;6;54;1;0;0;15;4,67;4;31,00;0;0
4;0;1;8;48;8;14;0,31;3,31;36;33;17;0;1;0;0,23;86;8;46;1;0;0;8;5,67;4;34,00;0;0
2;0;0;2;56;8;14;0,08;5,12;27;46;60;0;1;0;0,25;133;2;55;0;0;0;16,75;4,71;4;27,00;0;2
3;0;1;18;57;8;14;0,69;3,73;21;35;40;1;1;0;0,18;97;10;48;1;0;0;5;5,86;4;34,00;0;0
4;0;1;2;34;8;14;0,08;2,88;29;21;22;3;1;1;0,21;75;0;32;1;1;0;6,75;6,5;4;33,00;0;0
4;0;0;17;60;8;14;0,65;6,00;57;55;44;0;2;4;0,34;156;7;46;8;7;0;3,5;5,43;4;32,00;0;0
4;0;1;9;45;8;14;0,35;5,96;25;69;49;9;2;0;0,26;155;9;45;0;0;0;8,5;4;4;24,00;0;0
4;0;2;10;64;8;14;0,38;11,46;50;95;97;9;2;1;0,30;256;4;55;6;3;0;1,5;13,43;4;70,00;0;3
4;0;2;1;53;8;14;0,04;2,12;20;15;17;3;1;0;0,07;55;1;47;5;0;0;7;3,29;4;17,00;0;0
4;0;0;33;68;8;14;1,42;5,65;28;67;43;9;2;3;0,37;147;17;60;4;3;0;7,8;7,33;4;38,00;0;0
3;0;0;0;49;8;14;0,00;1,00;8;15;3;0;1;0;0,10;26;0;46;0;0;0;7,67;3,67;4;10,00;0;0
3;0;0;0;45;8;14;0,00;1,27;23;5;5;0;1;0;0,06;33;0;44;0;0;0;1;3,13;4;15,00;0;1
1;0;0;0;45;8;14;0,00;0,81;10;7;4;0;0;0;0,07;21;0;44;0;0;0;0;2,5;4;4,00;0;0
4;0;1;31;70;8;14;1,19;3,69;40;19;37;0;2;4;0,11;96;11;55;10;10;0;1,5;4,67;4;20,00;0;0
4;2;1;1;42;8;14;0,04;2,81;24;23;25;1;2;0;0,30;73;1;40;0;0;0;7,5;3;4;18,00;0;4
4;0;1;33;76;8;14;1,27;9,85;43;51;97;5;1;0;0,41;256;17;69;0;0;0;2,33;5,5;4;33,00;0;0
3;0;2;0;17;8;14;0,00;1,81;24;20;3;0;0;0;0,11;47;0;15;0;0;0;6;5,25;4;21,00;0;0
2;0;0;0;14;8;14;0,00;1,00;6;20;0;0;0;0;0,10;26;0;12;0;0;0;6;3,5;4;7,00;0;1
0;0;0;0;17;8;14;0,00;0,27;2;4;1;0;0;0;0,02;7;0;15;2;0;0;0;2;4;2,00;0;0
5;0;0;0;51;8;14;0,00;5,50;44;46;51;2;1;0;0,21;143;0;47;2;0;0;1;8,88;4;55,00;0;0
6;1;2;15;67;8;14;0,58;5,08;29;41;61;1;2;1;0,30;132;11;53;4;1;0;14;7;4;42,00;0;2
4;0;1;13;44;8;14;0,50;4,42;22;78;13;2;1;5;0,27;115;6;38;4;5;0;6,25;3,75;4;21,00;0;0
1;0;0;8;51;8;14;0,31;2,31;31;19;9;1;1;0;0,11;60;6;48;0;0;0;4,5;6,33;4;19,00;0;0
4;0;0;5;48;8;14;0,19;4,69;31;76;13;2;1;0;0,17;122;3;44;1;0;0;2;8,71;4;53,00;0;2
5;1;2;6;49;8;14;0,23;2,15;10;16;26;4;0;0;0,16;56;3;47;0;0;0;1,33;5,43;4;28,00;0;1
4;0;0;3;45;8;14;0,12;3,96;34;41;28;0;2;3;0,20;103;0;42;2;3;0;9,33;4;4;19,00;0;0
4;0;0;6;51;8;14;0,23;3,04;25;34;20;0;2;3;0,17;79;1;42;8;5;0;1,4;3,43;4;21,00;0;0
4;0;3;0;47;8;14;0,00;2,62;27;21;20;0;2;0;0,16;68;0;43;1;0;0;5;4,67;4;23,00;0;4
3;0;0;24;66;8;14;0,92;8,04;69;80;60;0;2;5;0,27;209;4;48;10;10;0;4;7,14;4;41,00;0;0
5;1;4;33;76;8;14;1,92;11,62;69;95;97;4;2;5;0,75;256;17;69;10;10;0;4,8;13,43;4;70,00;0;0
5;2;2;7;58;8;14;0,27;3,81;26;34;39;0;2;0;0,28;99;5;53;1;0;0;12,33;4,63;4;28,00;0;1
4;0;1;0;43;8;14;0,00;2,88;7;46;22;0;0;0;0,41;75;0;42;0;0;0;7;3,86;4;21,00;0;0
3;0;0;0;35;8;14;0,00;3,42;18;19;52;0;2;0;0,10;89;0;33;0;0;0;1,4;3;4;14,00;0;0
4;0;1;1;32;8;14;0,04;1,31;8;1;24;1;1;0;0,11;34;1;31;0;0;0;0;3;4;13,00;0;0
3;0;0;0;6;8;14;0,00;2,23;12;42;4;0;1;0;0,18;58;0;5;0;0;0;5;3,5;4;15,00;0;0
3;2;0;0;7;8;14;0,00;0,62;0;8;8;0;1;0;0,03;16;0;7;0;0;0;0;7;4;14,00;0;0
4;1;0;6;49;8;14;0,23;4,58;23;48;48;0;2;1;0,31;119;5;47;1;1;0;13;4,13;4;22,00;0;4
4;0;0;1;50;8;14;0,04;2,15;10;30;16;0;0;0;0,10;56;0;45;2;0;0;6,5;4,13;4;16,00;0;0
4;0;0;7;53;8;14;0,27;3,58;18;37;38;0;2;1;0,15;93;1;43;9;6;0;1,5;4,33;4;22,00;0;0
4;0;0;1;47;8;14;0,04;3,31;47;17;21;1;1;0;0,14;86;1;42;3;0;0;1;3,29;4;16,00;0;0
5;1;1;1;54;8;14;0,04;4,27;19;63;28;1;2;0;0,15;111;1;53;0;0;0;0;6,38;4;41,00;0;0
1;0;1;0;1;8;14;0,00;0,31;4;1;3;0;0;0;0,01;8;0;1;0;0;0;0;5;4;5,00;0;0
4;1;1;0;34;8;14;0,00;1,27;14;5;13;1;1;0;0,08;33;0;33;0;0;0;0;3,29;4;12,00;0;2
4;0;0;33;76;8;14;1,92;5,73;28;66;55;0;2;4;0,25;149;17;67;8;10;0;1,33;5,83;4;31,00;0;0
6;2;2;33;76;8;14;1,42;11,62;69;95;97;5;1;5;0,71;256;17;69;5;6;0;2,33;13,43;4;70,00;0;4
4;0;0;33;58;8;14;1,27;8,31;66;81;62;7;2;5;0,52;216;14;46;10;10;0;9,71;5,88;4;37,00;0;0
4;0;0;1;47;8;14;0,04;1,81;23;7;17;0;1;0;0,12;47;1;43;1;0;0;0;4,33;4;22,00;0;1
4;0;0;1;55;8;14;0,04;2,19;17;26;13;1;1;1;0,16;57;0;52;2;1;0;7,75;3,43;4;13,00;0;0
0;0;0;2;47;8;14;0,08;2,54;29;33;4;0;2;2;0,05;66;0;45;1;2;0;0;2,25;4;1,00;0;0
4;0;0;33;73;8;14;1,38;4,96;31;38;51;9;1;4;0,36;129;17;69;1;4;0;11,5;6;4;34,00;0;3
4;0;1;10;57;8;14;0,38;3,58;9;31;53;0;1;1;0,31;93;6;53;0;1;0;5,67;5,11;4;32,00;0;0
4;0;0;21;67;8;14;0,81;7,08;27;65;90;2;2;2;0,73;184;7;51;10;10;0;17,2;12,29;4;70,00;0;0
4;0;0;7;46;8;14;0,27;6,81;41;55;35;9;1;2;0,18;177;2;41;4;5;0;2,33;3,5;4;19,00;0;0
5;0;0;33;66;8;14;1,27;5,38;19;68;53;0;2;0;0,37;140;0;50;0;0;0;10;5,71;4;33,00;0;0
6;3;2;33;76;8;14;1,92;11,62;66;95;97;2;2;5;0,51;256;17;69;10;10;0;2;12,56;4;70,00;0;2
4;0;1;5;65;8;14;0,19;7,85;58;94;47;5;1;1;0,22;204;2;55;9;3;0;1;5,86;4;32,00;0;0
4;0;1;8;46;8;14;0,31;3,31;13;25;43;5;2;1;0,09;86;7;42;3;1;0;1;3,67;4;16,00;0;0
6;1;3;32;76;8;14;1,23;11,62;69;95;72;8;2;4;0,75;256;10;65;10;10;0;5;13,43;4;70,00;0;4
3;0;0;0;44;8;14;0,00;1,12;14;9;6;0;1;0;0,04;29;0;42;0;0;0;6;3,5;4;12,00;0;0
4;1;0;1;51;8;14;0,04;2,88;32;29;14;0;1;1;0,19;75;0;47;2;1;0;11;5;4;28,00;0;0
4;0;1;2;51;8;14;0,08;2,73;16;30;25;0;2;0;0,13;71;1;46;0;0;0;3;2,86;4;13,00;0;4
1;0;0;9;51;8;14;0,35;1,92;22;12;16;0;0;0;0,05;50;7;47;1;0;0;1;2;4;5,00;0;0
4;0;1;24;68;8;14;0,92;9,08;69;95;36;2;1;4;0,43;236;13;59;8;10;0;17,2;13,43;4;70,00;0;0
5;1;2;11;63;8;14;0,42;3,46;27;27;36;0;1;2;0,12;90;8;60;1;3;0;5;4,2;4;20,00;0;0
4;0;1;0;46;8;14;0,00;2,19;15;17;25;0;2;0;0,07;57;0;43;0;0;0;0;2,14;4;8,00;0;4
4;0;0;13;67;8;14;0,50;7,38;25;95;51;2;1;4;0,26;192;1;49;10;10;0;8;4,5;4;19,00;0;0
0;0;0;0;0;8;14;0,00;0,38;1;3;6;0;0;0;0,02;10;0;0;0;0;0;0;2;4;2,00;0;0
1;0;0;1;44;8;14;0,04;1,23;11;9;12;0;0;0;0,02;32;1;42;0;0;0;0;2,5;4;2,00;0;0
4;0;0;2;44;8;14;0,08;2,42;15;6;42;0;2;0;0,20;63;2;42;0;0;0;0;4,57;4;25,00;0;1
4;1;0;0;59;8;14;0,00;4,65;17;67;36;1;1;0;0,23;121;0;53;1;0;0;6,8;6,29;4;32,00;0;0
4;0;0;1;54;8;14;0,04;4,65;17;86;16;2;2;0;0,75;121;1;50;3;0;0;17,2;13,43;4;70,00;0;0
5;1;2;33;75;15;15;1,27;5,15;33;43;54;4;2;0;0,40;134;17;69;1;0;0;7;11;4;59,00;0;0
2;0;0;1;39;15;15;0,04;1,54;12;8;20;0;1;0;0,07;40;1;36;0;0;0;4,25;2,13;4;9,00;0;2
0;0;0;1;4;15;15;0,04;0,31;5;0;3;0;0;1;0,00;8;0;4;0;1;0;0;0;4;0,00;0;0
4;0;0;10;56;15;15;0,38;2,65;26;21;21;1;2;0;0,16;69;8;50;0;0;0;5,4;3,63;4;21,00;0;0
4;0;2;4;48;15;15;0,15;2,12;16;20;19;0;2;0;0,05;55;2;41;0;0;0;0;2,29;4;9,00;0;3
3;0;2;31;76;15;15;1,19;5,81;60;60;31;0;2;4;0,22;151;16;61;10;9;0;2,33;4,88;4;26,00;0;0
4;1;3;26;46;15;15;1,00;3,50;15;40;34;2;2;0;0,17;91;17;43;0;0;0;0;4,13;4;24,00;0;2
3;0;2;14;62;15;15;0,54;2,88;40;10;25;0;2;4;0,23;75;3;43;10;7;0;6;3,6;4;14,00;0;0
4;0;1;0;54;15;15;0,00;2,35;11;25;23;2;2;0;0,05;61;0;49;1;0;0;0;4,13;4;12,00;0;0
4;0;0;2;49;15;15;0,08;3,15;17;21;40;4;2;0;0,15;82;1;44;2;0;0;0;2,88;4;12,00;0;0
4;0;1;0;45;15;15;0,00;2,96;16;32;29;0;2;0;0,11;77;0;41;1;0;0;12;3,57;4;18,00;0;0
2;0;0;1;3;15;15;0,04;0,65;3;7;7;0;1;0;0,02;17;1;3;0;0;0;0;4;4;8,00;0;2
1;0;0;0;0;15;15;0,00;0,62;12;2;2;0;0;0;0,01;16;0;0;0;0;0;2;2;4;2,00;0;0
2;0;0;5;44;15;15;0,19;1,85;11;10;21;6;0;3;0,37;48;0;40;1;5;0;6,25;8,33;4;25,00;0;0
0;0;0;0;0;15;15;0,00;0,54;3;6;5;0;0;0;0,00;14;0;0;0;0;0;1;0;4;0,00;0;0
4;0;0;33;76;15;15;1,42;4,19;34;37;37;1;2;5;0,14;109;11;55;10;10;0;2;6,14;4;36,00;0;1
5;2;2;30;67;15;15;1,15;11,62;69;95;97;9;2;1;0,60;256;17;63;0;1;0;9,75;13,43;4;70,00;0;1
1;0;0;0;15;15;15;0,00;0,27;2;2;3;0;0;0;0,04;7;0;12;1;0;0;0;3;4;3,00;0;0
0;0;0;0;47;15;15;0,00;1,19;13;7;11;0;2;0;0,05;31;0;44;0;0;0;0;4;4;9,00;0;0
4;0;0;10;50;15;15;0,38;3,04;40;24;15;0;2;0;0,17;79;7;43;0;0;0;0;3,67;4;17,00;0;1
2;1;1;1;51;15;15;0,04;3,00;49;23;5;1;1;0;0,10;78;1;45;2;0;0;1;2,67;4;8,00;0;0
4;0;0;5;53;15;15;0,19;7,31;50;65;73;2;2;0;0,37;190;3;44;1;0;0;5,5;6,14;4;35,00;0;0
4;0;0;13;54;15;15;0,50;2,85;47;19;8;0;2;5;0,09;74;5;47;2;7;0;1;3,57;4;16,00;0;2
4;0;0;2;50;15;15;0,08;1,62;15;8;19;0;0;0;0,08;42;1;44;0;0;0;0;3,14;4;14,00;0;1
4;0;1;9;54;15;15;0,35;8,12;60;53;97;1;2;1;0,24;211;3;44;5;1;0;15,75;3,5;4;17,00;0;1
2;0;0;0;43;15;15;0,00;0,65;7;7;3;0;1;0;0,02;17;0;40;0;0;0;0;4,75;4;10,00;0;0
4;0;0;3;44;15;15;0,12;2,92;26;11;39;0;2;0;0,17;76;3;40;0;0;0;2;5,38;4;27,00;0;2
4;0;0;5;32;15;15;0,19;3,27;32;29;23;1;2;1;0,22;85;4;29;0;1;0;3;6,38;4;31,00;0;0
3;0;0;1;6;15;15;0,04;0,96;3;5;17;0;1;0;0,17;25;1;6;0;0;0;8,5;4;4;12,00;0;2
4;0;0;0;47;15;15;0,00;2,92;15;29;16;9;2;0;0,09;76;0;43;1;0;0;1;3,25;4;11,00;0;0
5;0;0;1;47;15;15;0,04;3,00;13;36;29;0;1;1;0,13;78;0;41;0;1;0;7,25;3,75;4;20,00;0;4
4;0;2;2;50;15;15;0,08;3,15;21;33;27;1;2;0;0,11;82;2;46;0;0;0;0;3,86;4;16,00;0;0
3;0;0;1;45;15;15;0,04;1,54;10;16;14;0;1;1;0,13;40;0;41;0;1;0;1;3,71;4;15,00;0;0
3;0;1;0;45;15;15;0,00;1,77;16;13;16;1;2;0;0,08;46;0;42;0;0;0;0;4,83;4;19,00;0;1
4;0;0;0;32;15;15;0,00;1,31;15;8;9;2;2;0;0,08;34;0;29;0;0;0;0;2,86;4;13,00;0;1
4;2;3;9;65;15;15;0,35;11,62;69;95;97;2;2;5;0,52;256;0;52;8;9;0;13,5;13,43;4;70,00;0;0
1;0;0;4;5;15;15;0,15;0,77;12;5;2;1;0;0;0,03;20;0;5;0;0;0;3;4;4;4,00;0;0
4;0;0;7;45;15;15;0,27;2,31;18;12;30;0;2;3;0,16;60;3;37;2;3;0;6;4,38;4;24,00;0;0
4;0;0;16;64;15;15;0,62;5,00;25;55;49;1;1;2;0,33;130;13;59;1;3;0;5;3,67;4;21,00;0;1
1;0;0;0;16;15;15;0,00;1,15;3;13;14;0;0;0;0,09;30;0;15;0;0;0;0;4,5;4;9,00;0;0
4;0;2;21;44;15;15;0,81;2,46;15;24;24;1;1;0;0,11;64;17;37;2;0;0;0;3,67;4;20,00;0;3
4;0;1;0;51;15;15;0,00;5,23;59;37;38;2;0;0;0,15;136;0;42;5;0;0;10,5;4,5;4;28,00;0;0
4;0;1;5;52;15;15;0,19;4,88;18;35;68;6;2;2;0,25;127;1;42;7;4;0;1,25;5,71;4;31,00;0;0
4;0;3;33;76;15;15;1,92;8,04;39;78;73;9;2;5;0,26;209;17;65;6;10;0;17,2;5,5;4;36,00;0;0
4;0;0;0;45;15;15;0,00;2,65;17;27;8;9;2;0;0,08;69;0;41;1;0;0;1;3,5;4;17,00;0;0
3;0;0;8;55;15;15;0,31;4,92;17;47;62;2;1;1;0,38;128;6;49;1;1;0;8,75;7,6;4;36,00;0;0
4;0;0;11;55;15;15;0,42;2,38;9;32;17;4;2;0;0,11;62;6;47;1;0;0;0;3,43;4;18,00;0;0
5;2;1;13;70;15;15;0,50;5,31;44;69;25;0;2;2;0,34;138;8;60;4;2;0;5;5,33;4;37,00;0;0
4;1;0;5;71;15;15;0,19;10,65;58;95;97;3;2;2;0,23;256;2;52;10;3;0;3,5;13,43;4;70,00;0;4
1;0;0;0;10;15;15;0,00;0,50;5;6;2;0;0;0;0,04;13;0;10;0;0;0;0;2;4;2,00;0;0
4;0;1;2;47;15;15;0,08;5,69;40;50;54;4;2;0;0,21;148;2;44;0;0;0;0;5,71;4;28,00;0;1
4;0;1;1;47;15;15;0,04;1,38;10;21;5;0;1;1;0,04;36;0;43;0;1;0;2;2,56;4;12,00;0;0
3;0;2;5;49;15;15;0,19;2,88;17;27;31;0;2;1;0,08;75;3;45;0;1;0;0;4,14;4;16,00;0;0
3;0;4;26;60;15;15;1,00;1,96;23;18;10;0;1;0;0,13;51;17;50;0;0;0;1;4,33;4;23,00;0;0
4;0;1;10;63;15;15;0,38;5,42;54;53;34;0;2;0;0,24;141;6;52;1;0;0;9,5;5;4;23,00;0;0
4;0;1;8;48;15;15;0,31;3,31;36;33;17;0;2;0;0,12;86;8;44;1;0;0;0;5,29;4;23,00;0;1
3;0;0;2;56;15;15;0,08;5,12;27;46;60;0;1;0;0,23;133;2;53;0;0;0;11,2;5,25;4;32,00;0;3
5;0;0;18;57;15;15;0,69;3,73;21;35;40;1;1;0;0,21;97;10;46;1;0;0;3;8,5;4;41,00;0;2
4;0;1;2;34;15;15;0,08;2,88;29;21;22;3;2;1;0,14;75;0;29;1;1;0;5,75;4,67;4;23,00;0;0
4;0;0;17;60;15;15;0,65;6,00;57;55;44;0;2;4;0,22;156;7;44;8;7;0;5;4,13;4;26,00;0;0
4;0;0;9;45;15;15;0,35;5,96;25;69;49;9;2;0;0,26;155;9;43;0;0;0;4,75;4,5;4;26,00;0;0
4;2;1;10;64;15;15;0,38;11,46;50;95;97;9;2;1;0,24;256;3;51;6;3;0;2,33;9,67;4;50,00;0;3
4;0;0;1;53;15;15;0,04;2,12;20;15;17;3;2;0;0,06;55;1;45;5;0;0;5;2,13;4;10,00;0;0
4;0;1;33;68;15;15;1,42;5,65;28;67;43;9;2;3;0,39;147;17;57;4;3;0;17,2;5,86;4;27,00;0;1
2;0;0;0;49;15;15;0,00;1,00;8;15;3;0;1;0;0,03;26;0;44;0;0;0;4,5;2;4;4,00;0;0
2;0;0;0;45;15;15;0,00;1,27;23;5;5;0;1;0;0,04;33;0;42;0;0;0;0;2,86;4;10,00;0;0
0;0;0;0;45;15;15;0,00;0,81;10;7;4;0;0;0;0,01;21;0;42;0;0;0;0;2,25;4;0,00;0;0
4;0;0;31;70;15;15;1,19;3,69;40;19;37;0;2;4;0,07;96;11;52;10;10;0;1,5;4,5;4;21,00;0;0
4;2;0;1;42;15;15;0,04;2,81;24;23;25;1;2;0;0,19;73;1;38;0;0;0;4;4,25;4;23,00;0;3
4;0;0;33;76;15;15;1,27;9,85;43;51;97;5;0;0;0,29;256;17;69;0;0;0;2;4,88;4;27,00;0;1
2;0;0;0;17;15;15;0,00;1,81;24;20;3;0;0;0;0,07;47;0;15;0;0;0;4;4,67;4;14,00;0;0
2;0;0;0;14;15;15;0,00;1,00;6;20;0;0;0;0;0,03;26;0;12;0;0;0;0;2;4;4,00;0;0
0;0;0;0;17;15;15;0,00;0,27;2;4;1;0;0;0;0,00;7;0;15;2;0;0;0;0;4;0,00;0;0
4;0;0;0;51;15;15;0,00;5,50;44;46;51;2;2;0;0,24;143;0;44;2;0;0;0;7,29;4;43,00;0;0
6;0;3;15;67;15;15;0,58;5,08;29;41;61;1;2;1;0,25;132;11;51;4;1;0;9;9,14;4;52,00;0;1
4;0;0;13;44;15;15;0,50;4,42;22;78;13;2;2;5;0,14;115;6;36;4;5;0;3,67;3,86;4;19,00;0;0
1;0;0;8;51;15;15;0,31;2,31;31;19;9;1;1;0;0,06;60;6;46;0;0;0;5,5;4,25;4;14,00;0;0
5;0;3;5;48;15;15;0,19;4,69;31;76;13;2;2;0;0,20;122;2;41;1;0;0;2;6,75;4;43,00;0;2
3;0;0;6;49;15;15;0,23;2,15;10;16;26;4;0;0;0,08;56;3;45;0;0;0;3;3,29;4;16,00;0;1
4;0;0;32;65;15;15;1,23;5,31;66;36;36;0;2;0;0,18;138;17;52;3;0;0;4,5;5,17;4;25,00;0;0
4;0;1;3;45;15;15;0,12;3,96;34;41;28;0;2;3;0,16;103;0;40;2;3;0;4,5;3,71;4;18,00;0;1
4;0;0;6;51;15;15;0,23;3,04;25;34;20;0;2;3;0,24;79;1;40;8;5;0;14;2,86;4;13,00;0;0
5;0;1;0;47;15;15;0,00;2,62;27;21;20;0;1;0;0,08;68;0;41;1;0;0;2;3,29;4;13,00;0;4
4;0;0;24;66;15;15;0,92;8,04;69;80;60;0;2;5;0,14;209;4;46;10;10;0;3,5;7,43;4;45,00;1;0
6;1;4;33;76;15;15;1,92;11,62;69;95;97;4;2;5;0,75;256;17;69;10;10;0;6,5;13,43;4;70,00;0;2
4;0;0;7;58;15;15;0,27;3,81;26;34;39;0;2;0;0,21;99;5;51;1;0;0;6;4,67;4;27,00;0;0
4;0;0;0;43;15;15;0,00;2,88;7;46;22;0;2;0;0,43;75;0;40;0;0;0;10;5,14;4;30,00;0;0
4;0;0;0;35;15;15;0,00;3,42;18;19;52;0;2;0;0,10;89;0;31;0;0;0;5,6;2,86;4;12,00;0;1
4;0;0;1;32;15;15;0,04;1,31;8;1;24;1;2;0;0,08;34;1;29;0;0;0;0;2,14;4;9,00;0;0
3;0;1;0;6;15;15;0,00;2,23;12;42;4;0;1;0;0,12;58;0;5;0;0;0;5;2,25;4;8,00;0;0
2;1;2;0;7;15;15;0,00;0,62;0;8;8;0;1;0;0,02;16;0;7;0;0;0;0;2,5;4;5,00;0;0
5;0;0;6;49;15;15;0,23;4,58;23;48;48;0;2;1;0,25;119;5;45;1;1;0;5,75;4,43;4;24,00;0;4
4;0;1;1;50;15;15;0,04;2,15;10;30;16;0;1;0;0,10;56;0;43;2;0;0;4,5;3,63;4;15,00;0;0
4;0;0;7;53;15;15;0,27;3,58;18;37;38;0;2;1;0,23;93;1;41;9;6;0;3,33;7,43;4;26,00;0;0
4;0;0;1;47;15;15;0,04;3,31;47;17;21;1;2;0;0,11;86;1;40;3;0;0;1;3;4;14,00;0;0
3;0;0;1;54;15;15;0,04;4,27;19;63;28;1;2;0;0,05;111;1;51;0;0;0;0;3,88;4;15,00;0;0
1;0;1;0;1;15;15;0,00;0,31;4;1;3;0;0;0;0,01;8;0;1;0;0;0;0;4;4;4,00;0;0
5;0;0;0;34;15;15;0,00;1,27;14;5;13;1;2;0;0,11;33;0;31;0;0;0;0;2,43;4;9,00;0;2
6;3;3;33;76;15;15;1,92;5,73;28;66;55;0;2;4;0,30;149;17;65;8;10;0;6,5;6,5;4;32,00;0;2
5;2;4;33;76;15;15;1,42;11,62;69;95;97;5;2;5;0,35;256;17;69;5;6;0;3;13,43;4;70,00;0;2
4;0;1;33;58;15;15;1,27;8,31;66;81;62;7;2;5;0,30;216;14;44;10;10;0;8;5,63;4;37,00;0;0
3;0;0;1;47;15;15;0,04;1,81;23;7;17;0;0;0;0,09;47;1;41;1;0;0;0;2,5;4;11,00;0;2
4;0;3;1;55;15;15;0,04;2,19;17;26;13;1;2;1;0,10;57;0;50;2;1;0;7,25;3,29;4;12,00;0;0
0;0;0;2;47;15;15;0,08;2,54;29;33;4;0;1;2;0,04;66;0;43;1;2;0;0;2,8;4;0,00;0;0
5;0;1;33;73;15;15;1,38;4,96;31;38;51;9;1;4;0,54;129;17;69;1;4;0;4,25;4,5;4;24,00;0;4
3;0;1;10;57;15;15;0,38;3,58;9;31;53;0;1;1;0,21;93;6;51;0;1;0;3,75;5;4;24,00;0;0
4;0;0;21;67;15;15;0,81;7,08;27;65;90;2;2;2;0,75;184;6;47;10;10;0;17,2;8,25;4;57,00;0;0
4;0;2;7;46;15;15;0,27;6,81;41;55;35;9;2;2;0,20;177;2;39;4;5;0;2,5;4,11;4;22,00;0;0
4;0;1;33;66;15;15;1,27;5,38;19;68;53;0;2;0;0,30;140;0;48;0;0;0;7;5,71;4;34,00;0;0
4;0;2;33;76;15;15;1,92;11,62;66;95;97;2;2;5;0,24;256;17;69;10;10;0;4,5;10,17;4;52,00;0;0
4;0;1;5;65;15;15;0,19;7,85;58;94;47;5;2;1;0,21;204;2;52;9;3;0;0;6,11;4;44,00;0;0
4;1;1;8;46;15;15;0,31;3,31;13;25;43;5;2;1;0,10;86;4;40;3;1;0;1;4;4;22,00;0;0
4;0;0;32;76;15;15;1,23;11,62;69;95;72;8;2;4;0,74;256;10;62;10;10;0;5,75;12,43;4;70,00;0;3
6;0;0;0;44;15;15;0,00;1,12;14;9;6;0;1;0;0,03;29;0;40;0;0;0;0;3,2;4;7,00;0;0
4;0;0;1;51;15;15;0,04;2,88;32;29;14;0;2;1;0,33;75;0;45;2;1;0;8,25;6,17;4;33,00;0;0
5;0;0;2;51;15;15;0,08;2,73;16;30;25;0;1;0;0,75;71;1;44;0;0;0;0;3,86;4;17,00;0;4
1;0;0;9;51;15;15;0,35;1,92;22;12;16;0;1;0;0,05;50;7;45;1;0;0;1;2,5;4;2,00;0;0
5;1;0;24;68;15;15;0,92;9,08;69;95;36;2;2;4;0,32;236;13;57;8;10;0;13,25;10,29;4;61,00;0;0
4;0;1;11;63;15;15;0,42;3,46;27;27;36;0;2;2;0,07;90;8;58;1;3;0;0;4,25;4;17,00;0;0
4;0;1;0;46;15;15;0,00;2,19;15;17;25;0;1;0;0,06;57;0;41;0;0;0;2;2,71;4;13,00;0;4
4;0;1;13;67;15;15;0,50;7,38;25;95;51;2;2;4;0,20;192;1;46;10;10;0;9;4,5;4;20,00;0;0
0;0;0;0;0;15;15;0,00;0,38;1;3;6;0;0;0;0,00;10;0;0;0;0;0;0;0;4;0,00;0;0
1;0;0;1;44;15;15;0,04;1,23;11;9;12;0;1;0;0,03;32;1;40;0;0;0;0;2,2;4;2,00;0;0
4;0;0;2;44;15;15;0,08;2,42;15;6;42;0;2;0;0,20;63;2;40;0;0;0;0;3,13;4;15,00;0;0
6;0;1;0;59;15;15;0,00;4,65;17;67;36;1;2;0;0,24;121;0;51;1;0;0;0;4,88;4;28,00;2;0
4;0;3;1;54;15;15;0,04;4,65;17;86;16;2;1;0;0,41;121;1;48;3;0;0;7,5;10;4;62,00;0;0
5;1;1;33;75;10;10;1,27;5,15;33;43;54;4;2;0;0,34;134;17;69;1;0;0;2,67;8,33;3;44,00;0;1
0;0;0;1;39;10;10;0,04;1,54;12;8;20;0;0;0;0,05;40;1;36;0;0;0;3;1,83;3;2,00;0;0
0;0;0;1;4;10;10;0,04;0,31;5;0;3;0;0;1;0,00;8;0;4;0;1;0;0;0;3;0,00;0;0
3;0;0;10;56;10;10;0,38;2,65;26;21;21;1;2;0;0,11;69;8;50;0;0;0;6;4;3;18,00;0;0
3;0;0;4;48;10;10;0,15;2,12;16;20;19;0;2;0;0,05;55;2;41;0;0;0;0;3,2;3;12,00;0;3
2;1;1;31;76;10;10;1,19;5,81;60;60;31;0;2;4;0,20;151;16;61;10;9;0;2;5,33;3;26,00;0;0
6;4;0;26;46;10;10;1,00;3,50;15;40;34;2;2;0;0,19;91;17;43;0;0;0;1,5;4;3;20,00;0;1
4;2;0;14;62;10;10;0,54;2,88;40;10;25;0;1;4;0,37;75;3;43;10;7;0;7,33;4,4;3;18,00;0;0
3;1;0;0;54;10;10;0,00;2,35;11;25;23;2;2;0;0,06;61;0;49;1;0;0;0;4,14;3;10,00;0;0
3;0;0;2;49;10;10;0,08;3,15;17;21;40;4;2;0;0,06;82;1;44;2;0;0;0;2;3;7,00;0;0
3;0;0;0;45;10;10;0,00;2,96;16;32;29;0;2;0;0,07;77;0;41;1;0;0;1;2,71;3;10,00;0;0
3;1;1;1;3;10;10;0,04;0,65;3;7;7;0;1;0;0,04;17;1;3;0;0;1;0;1,67;3;5,00;0;2
1;0;0;0;0;10;10;0,00;0,62;12;2;2;0;0;0;0,03;16;0;0;0;0;0;2;2;3;2,00;0;0
2;0;0;5;44;10;10;0,19;1,85;11;10;21;6;0;3;0,12;48;0;40;1;5;0;4,33;9;3;18,00;0;0
0;0;0;0;0;10;10;0,00;0,54;3;6;5;0;0;0;0,01;14;0;0;0;0;0;1,5;1;3;3,00;0;0
3;0;0;33;76;10;10;1,42;4,19;34;37;37;1;2;5;0,28;109;11;55;10;10;0;7,25;5,5;3;26,00;0;0
5;2;1;30;67;10;10;1,15;11,62;69;95;97;9;2;1;0,75;256;17;63;0;1;0;9,6;13,43;3;70,00;0;1
1;0;0;0;15;10;10;0,00;0,27;2;2;3;0;0;0;0,05;7;0;12;1;0;0;0;2,5;3;5,00;0;0
0;0;0;0;47;10;10;0,00;1,19;13;7;11;0;1;0;0,02;31;0;44;0;0;0;0;4;3;4,00;0;0
3;0;0;10;50;10;10;0,38;3,04;40;24;15;0;2;0;0,16;79;7;43;0;0;0;5;4,2;3;17,00;0;0
2;0;0;1;51;10;10;0,04;3,00;49;23;5;1;2;0;0,21;78;1;45;2;0;0;8,5;3,5;3;14,00;0;0
3;0;0;5;53;10;10;0,19;7,31;50;65;73;2;2;0;0,30;190;3;44;1;0;0;5,67;6,6;3;29,00;0;0
3;0;0;13;54;10;10;0,50;2,85;47;19;8;0;2;5;0,12;74;5;47;2;7;0;3;5;3;19,00;0;1
3;0;0;2;50;10;10;0,08;1,62;15;8;19;0;0;0;0,06;42;1;44;0;0;0;0;2,83;3;12,00;0;0
3;0;1;9;54;10;10;0,35;8,12;60;53;97;1;2;1;0,20;211;3;44;5;1;0;17,2;3,4;3;13,00;0;0
2;0;0;0;43;10;10;0,00;0,65;7;7;3;0;2;0;0,02;17;0;40;0;0;0;0;3,25;3;6,00;0;0
3;1;1;3;44;10;10;0,12;2,92;26;11;39;0;2;0;0,22;76;3;40;0;0;0;5;4,4;3;18,00;0;0
4;1;1;5;32;10;10;0,19;3,27;32;29;23;1;2;1;0,22;85;4;29;0;1;0;1,5;6;3;26,00;0;0
3;0;0;1;6;10;10;0,04;0,96;3;5;17;0;1;0;0,11;25;1;6;0;0;0;12;4,67;3;14,00;0;1
3;1;0;0;47;10;10;0,00;2,92;15;29;16;9;2;0;0,05;76;0;43;1;0;0;0;2,71;3;9,00;0;0
4;1;0;1;47;10;10;0,04;3,00;13;36;29;0;2;1;0,13;78;0;41;0;1;0;5;2,71;3;11,00;0;3
4;0;0;2;50;10;10;0,08;3,15;21;33;27;1;2;0;0,08;82;2;46;0;0;0;1;4;3;16,00;0;0
2;0;0;1;45;10;10;0,04;1,54;10;16;14;0;2;1;0,05;40;0;41;0;1;0;1;3,6;3;11,00;0;0
3;0;0;0;45;10;10;0,00;1,77;16;13;16;1;2;0;0,05;46;0;42;0;0;0;0;3;3;11,00;0;1
3;0;0;0;32;10;10;0,00;1,31;15;8;9;2;2;0;0,07;34;0;29;0;0;0;7;3,5;3;11,00;0;0
4;2;2;9;65;10;10;0,35;11,62;69;95;97;2;2;5;0,58;256;0;52;8;9;0;12,2;13,43;3;70,00;0;0
1;0;0;4;5;10;10;0,15;0,77;12;5;2;1;0;0;0,04;20;1;5;0;0;0;6,67;3;3;3,00;0;0
3;0;0;7;45;10;10;0,27;2,31;18;12;30;0;2;3;0,12;60;3;37;2;3;0;0;3,4;3;13,00;0;0
3;0;0;16;64;10;10;0,62;5,00;25;55;49;1;2;2;0,45;130;13;59;1;3;0;17,2;4;3;16,00;0;0
1;0;0;0;16;10;10;0,00;1,15;3;13;14;0;0;0;0,04;30;0;15;0;0;0;1,5;9;3;9,00;0;0
3;1;1;21;44;10;10;0,81;2,46;15;24;24;1;1;0;0,12;64;17;38;2;0;0;2;4,71;3;20,00;0;1
5;1;2;0;51;10;10;0,00;5,23;59;37;38;2;0;0;0,35;136;0;42;5;0;0;17;4,71;3;27,00;0;0
3;1;0;5;52;10;10;0,19;4,88;18;35;68;6;2;2;0,20;127;1;42;7;4;0;1,33;3,67;3;15,00;0;0
4;0;2;33;76;10;10;1,92;8,04;39;78;73;9;2;5;0,40;209;17;69;6;10;0;6,75;8;3;36,00;0;1
3;1;1;0;45;10;10;0,00;2,65;17;27;8;9;2;0;0,07;69;0;41;1;0;0;0;3,33;3;12,00;0;0
3;0;0;8;55;10;10;0,31;4,92;17;47;62;2;1;1;0,31;128;6;49;1;1;0;14;8;3;38,00;0;0
4;0;1;11;55;10;10;0,42;2,38;9;32;17;4;2;0;0,06;62;6;47;1;0;0;0;3;3;11,00;0;1
4;0;0;13;70;10;10;0,50;5,31;44;69;25;0;2;2;0,38;138;8;60;4;2;0;7;6,33;3;27,00;0;0
3;0;0;5;71;10;10;0,19;10,65;58;95;97;3;2;2;0,13;256;2;52;10;3;0;2;13,43;3;68,00;0;2
1;0;0;0;10;10;10;0,00;0,50;5;6;2;0;0;0;0,04;13;0;10;0;0;0;15;2;3;2,00;0;0
3;2;0;2;47;10;10;0,08;5,69;40;50;54;4;2;0;0,17;148;2;44;0;0;0;1;6,8;3;28,00;0;0
3;0;0;1;47;10;10;0,04;1,38;10;21;5;0;1;1;0,04;36;0;43;0;1;0;1;2,83;3;8,00;0;0
2;0;0;5;49;10;10;0,19;2,88;17;27;31;0;2;1;0,12;75;3;45;0;1;0;0;5;3;16,00;0;0
2;1;0;26;60;10;10;1,00;1,96;23;18;10;0;1;0;0,12;51;17;50;0;0;0;1;7;3;26,00;0;0
5;2;2;10;63;10;10;0,38;5,42;54;53;34;0;2;0;0,25;141;6;52;1;0;1;9,75;4,57;3;23,00;0;0
3;1;0;8;48;10;10;0,31;3,31;36;33;17;0;2;0;0,12;86;8;44;1;0;0;1;5,2;3;14,00;0;0
3;0;0;2;56;10;10;0,08;5,12;27;46;60;0;2;0;0,24;133;2;53;0;0;0;9,67;6;3;29,00;0;3
3;0;0;18;57;10;10;0,69;3,73;21;35;40;1;2;0;0,12;97;10;46;1;0;0;9;5,8;3;25,00;0;0
3;0;0;2;34;10;10;0,08;2,88;29;21;22;3;2;1;0,16;75;0;29;1;1;0;4,67;5;3;20,00;0;0
3;1;1;17;60;10;10;0,65;6,00;57;55;44;0;2;4;0,33;156;8;46;8;7;0;9,75;5,8;3;21,00;0;0
3;1;0;9;45;10;10;0,35;5,96;25;69;49;9;2;0;0,15;155;9;43;0;0;0;2;3,86;3;17,00;0;0
3;1;1;10;64;10;10;0,38;11,46;50;95;97;9;2;1;0,12;256;5;52;6;3;0;1,67;11;3;49,00;0;1
3;0;2;1;53;10;10;0,04;2,12;20;15;17;3;2;0;0,05;55;1;45;5;0;0;4;2,33;3;9,00;0;0
3;1;0;33;68;10;10;1,42;5,65;28;67;43;9;2;3;0,44;147;17;60;4;3;0;17,2;6,43;3;39,00;0;0
2;0;0;0;49;10;10;0,00;1,00;8;15;3;0;0;0;0,04;26;0;44;0;0;0;6;2,6;3;6,00;0;0
2;0;0;0;45;10;10;0,00;1,27;23;5;5;0;2;0;0,04;33;0;42;0;0;0;0;3,67;3;11,00;0;0
0;0;0;0;45;10;10;0,00;0,81;10;7;4;0;0;0;0,03;21;0;42;0;0;0;0;2;3;1,00;0;0
3;1;0;31;70;10;10;1,19;3,69;40;19;37;0;2;4;0,09;96;11;52;10;10;0;1;4,4;3;16,00;0;0
3;2;0;1;42;10;10;0,04;2,81;24;23;25;1;2;0;0,15;73;1;38;0;0;0;4;3,14;3;14,00;0;2
3;1;0;33;76;10;10;1,27;9,85;43;51;97;5;0;0;0,26;256;17;69;0;0;0;2,33;4,86;3;23,00;0;0
2;0;0;0;17;10;10;0,00;1,81;24;20;3;0;0;0;0,07;47;0;15;0;0;0;3;2,67;3;8,00;0;0
3;1;1;0;14;10;10;0,00;1,00;6;20;0;0;0;0;0,10;26;0;12;0;0;0;7;3,5;3;7,00;0;0
0;0;0;0;17;10;10;0,00;0,27;2;4;1;0;0;0;0,00;7;0;15;2;0;0;0;0;3;0,00;0;0
4;0;0;0;51;10;10;0,00;5,50;44;46;51;2;2;0;0,19;143;0;44;2;0;0;2;6,33;3;29,00;0;1
6;0;0;15;67;10;10;0,58;5,08;29;41;61;1;2;1;0,25;132;12;53;4;1;0;11,25;10,5;3;58,00;0;0
3;1;1;13;44;10;10;0,50;4,42;22;78;13;2;2;5;0,14;115;6;36;4;5;0;5;3,2;3;11,00;0;0
1;0;0;8;51;10;10;0,31;2,31;31;19;9;1;1;0;0,07;60;6;46;0;0;0;3,67;4,33;3;13,00;0;0
3;1;2;5;48;10;10;0,19;4,69;31;76;13;2;2;0;0,11;122;2;41;1;0;0;2;9,17;3;46,00;0;0
4;1;0;6;49;10;10;0,23;2,15;10;16;26;4;1;0;0,14;56;3;45;0;0;0;2;7,25;3;24,00;0;1
3;0;0;32;65;10;10;1,23;5,31;66;36;36;0;2;0;0,14;138;17;52;3;0;0;5,5;6,2;3;24,00;0;0
3;0;0;3;45;10;10;0,12;3,96;34;41;28;0;2;3;0,10;103;0;40;2;3;0;3;4,8;3;15,00;0;0
3;1;1;6;51;10;10;0,23;3,04;25;34;20;0;1;3;0,17;79;1;40;8;5;0;2,5;3,2;3;12,00;0;0
4;1;1;0;47;10;10;0,00;2,62;27;21;20;0;2;0;0,18;68;0;41;1;0;0;2,5;4,2;3;17,00;0;4
2;0;0;24;66;10;10;0,92;8,04;69;80;60;0;2;5;0,22;209;4;46;10;10;0;3,5;7,33;3;36,00;0;0
4;1;1;33;76;10;10;1,92;11,62;69;95;97;4;2;5;0,75;256;17;69;10;10;0;4;13,43;3;70,00;0;0
5;3;1;7;58;10;10;0,27;3,81;26;34;39;0;2;0;0,29;99;5;51;1;0;0;7,67;7;3;35,00;0;1
3;0;2;0;43;10;10;0,00;2,88;7;46;22;0;0;0;0,29;75;0;40;0;0;0;9;3,83;3;17,00;0;0
3;1;0;0;35;10;10;0,00;3,42;18;19;52;0;2;0;0,08;89;0;31;0;0;0;4,33;2,5;3;9,00;0;0
3;0;0;1;32;10;10;0,04;1,31;8;1;24;1;2;0;0,06;34;1;29;0;0;0;0;2,67;3;8,00;0;0
2;0;0;0;6;10;10;0,00;2,23;12;42;4;0;1;0;0,34;58;0;5;0;0;0;5,75;3,17;3;4,00;0;0
2;0;1;0;7;10;10;0,00;0,62;0;8;8;0;1;0;0,01;16;0;7;0;0;0;0;2;3;4,00;0;0
3;0;1;6;49;10;10;0,23;4,58;23;48;48;0;2;1;0,24;119;5;45;1;1;0;7,33;3,38;3;17,00;0;3
3;0;0;1;50;10;10;0,04;2,15;10;30;16;0;1;0;0,07;56;0;43;2;0;0;6,33;3,86;3;10,00;0;0
3;0;0;7;53;10;10;0,27;3,58;18;37;38;0;2;1;0,18;93;1;41;9;6;0;0;5,4;3;22,00;0;0
3;0;0;1;47;10;10;0,04;3,31;47;17;21;1;2;0;0,06;86;1;40;3;0;0;2;2,4;3;8,00;0;0
3;0;1;1;54;10;10;0,04;4,27;19;63;28;1;2;0;0,08;111;1;51;0;0;0;0;4,14;3;19,00;0;0
1;0;0;0;1;10;10;0,00;0,31;4;1;3;0;0;0;0,02;8;0;1;0;0;0;0;5;3;5,00;0;0
4;0;0;0;34;10;10;0,00;1,27;14;5;13;1;2;0;0,07;33;0;31;0;0;0;0;5;3;17,00;0;1
5;1;0;33;76;10;10;1,92;5,73;28;66;55;0;2;4;0,29;149;17;65;8;10;0;5;5,8;3;25,00;0;0
6;3;4;33;76;10;10;1,42;11,62;69;95;97;5;2;5;0,52;256;17;69;5;6;0;5;13,43;3;70,00;0;1
3;0;0;33;58;10;10;1,27;8,31;66;81;62;7;2;5;0,35;216;14;44;10;10;0;7,5;6,33;3;30,00;0;0
3;0;1;1;47;10;10;0,04;1,81;23;7;17;0;0;0;0,05;47;1;41;1;0;0;0;2,8;3;10,00;0;1
3;1;0;1;55;10;10;0,04;2,19;17;26;13;1;2;1;0,10;57;0;50;2;1;0;7;3,83;3;13,00;0;0
0;0;0;2;47;10;10;0,08;2,54;29;33;4;0;0;2;0,04;66;0;43;1;2;0;0;2,17;3;2,00;0;0
3;0;0;33;73;10;10;1,38;4,96;31;38;51;9;1;4;0,38;129;17;69;1;4;0;14;4,57;3;23,00;0;3
3;0;0;10;57;10;10;0,38;3,58;9;31;53;0;0;1;0,32;93;6;51;0;1;0;4,4;5;3;18,00;0;0
3;0;0;21;67;10;10;0,81;7,08;27;65;90;2;2;2;0,40;184;6;47;10;10;0;14,67;11,8;3;55,00;0;0
3;0;0;7;46;10;10;0,27;6,81;41;55;35;9;2;2;0,17;177;2;39;4;5;0;1;2,86;3;12,00;0;0
3;0;3;33;66;10;10;1,27;5,38;19;68;53;0;2;0;0,16;140;0;48;0;0;0;12,33;4,43;3;23,00;0;0
3;0;0;33;76;10;10;1,92;11,62;66;95;97;2;2;5;0,21;256;17;69;10;10;0;3;11,33;3;59,00;0;0
3;0;0;5;65;10;10;0,19;7,85;58;94;47;5;2;1;0,14;204;2;52;9;3;0;2;5,14;3;29,00;0;0
3;1;1;8;46;10;10;0,31;3,31;13;25;43;5;2;1;0,07;86;4;41;3;1;0;2;3,29;3;18,00;0;0
4;3;0;32;76;10;10;1,23;11,62;69;95;72;8;2;4;0,75;256;10;62;10;10;0;2,67;10;3;54,00;0;4
2;0;0;0;44;10;10;0,00;1,12;14;9;6;0;2;0;0,03;29;0;40;0;0;0;0;3,4;3;8,00;0;0
3;0;0;1;51;10;10;0,04;2,88;32;29;14;0;2;1;0,15;75;0;45;2;1;0;9,67;7,8;3;35,00;0;0
3;0;1;2;51;10;10;0,08;2,73;16;30;25;0;2;0;0,17;71;1;44;0;0;0;7;2,8;3;9,00;0;2
3;0;0;9;51;10;10;0,35;1,92;22;12;16;0;1;0;0,18;50;7;45;1;0;0;3;6,17;3;28,00;0;0
4;1;0;24;68;10;10;0,92;9,08;69;95;36;2;2;4;0,32;236;13;57;8;10;0;15;9,57;3;58,00;0;0
5;4;0;11;63;10;10;0,42;3,46;27;27;36;0;2;2;0,11;90;8;59;1;3;0;0;5,67;3;17,00;0;0
3;0;1;0;46;10;10;0,00;2,19;15;17;25;0;2;0;0,04;57;0;41;0;0;0;4;2,6;3;9,00;0;3
3;0;1;13;67;10;10;0,50;7,38;25;95;51;2;2;4;0,26;192;1;46;10;10;0;1;3,6;3;10,00;0;0
0;0;0;0;0;10;10;0,00;0,38;1;3;6;0;0;0;0,00;10;0;0;0;0;0;0;0;3;0,00;0;0
2;0;0;1;44;10;10;0,04;1,23;11;9;12;0;1;0;0,49;32;1;40;0;0;0;0;4,33;3;15,00;0;0
3;0;2;2;44;10;10;0,08;2,42;15;6;42;0;2;0;0,17;63;2;40;0;0;0;2;4,17;3;18,00;0;0
3;0;1;0;59;10;10;0,00;4,65;17;67;36;1;2;0;0,15;121;0;51;1;0;0;0;5;3;18,00;0;0
3;0;0;1;54;10;10;0,04;4,65;17;86;16;2;2;0;0,40;121;1;48;3;0;0;11,33;10,83;3;54,00;0;0
5;1;0;33;75;11;14;1,27;5,15;33;43;54;4;2;0;0,44;134;17;69;1;0;0;3;8,67;4;39,00;0;1
1;0;0;1;39;11;14;0,04;1,54;12;8;20;0;1;0;0,08;40;1;36;0;0;0;0;2;4;8,00;0;1
0;0;0;1;4;11;14;0,04;0,31;5;0;3;0;0;1;0,00;8;0;4;0;1;0;0;0;4;0,00;0;0
6;1;0;10;56;11;14;0,38;2,65;26;21;21;1;2;0;0,33;69;8;50;0;0;0;7,5;5,86;4;34,00;0;0
4;0;1;4;48;11;14;0,15;2,12;16;20;19;0;2;0;0,10;55;2;42;0;0;0;0;2,43;4;10,00;0;3
3;0;0;31;76;11;14;1,19;5,81;60;60;31;0;2;4;0,48;151;16;61;10;9;0;2;4,29;4;23,00;0;0
4;0;2;26;46;11;14;1,00;3,50;15;40;34;2;2;0;0,23;91;17;44;0;0;0;0;4,86;4;25,00;0;1
3;0;0;14;62;11;14;0,54;2,88;40;10;25;0;2;4;0,37;75;3;43;10;7;0;7,75;4,5;4;23,00;0;0
5;2;1;0;54;11;14;0,00;2,35;11;25;23;2;2;0;0,13;61;0;49;1;0;0;0;3,5;4;16,00;0;0
5;0;3;2;49;11;14;0,08;3,15;17;21;40;4;2;0;0,12;82;2;44;2;0;0;1;3,5;4;13,00;0;1
6;2;1;0;45;11;14;0,00;2,96;16;32;29;0;2;0;0,15;77;0;41;1;0;0;1;3,86;4;20,00;0;1
2;0;0;1;3;11;14;0,04;0,65;3;7;7;0;1;0;0,02;17;1;3;0;0;0;0;2;4;4,00;0;2
1;1;0;0;0;11;14;0,00;0,62;12;2;2;0;0;0;0,02;16;0;0;0;0;0;4;6;4;6,00;0;0
1;0;0;5;44;11;14;0,19;1,85;11;10;21;6;0;3;0,36;48;0;40;1;5;0;10;6,75;4;27,00;0;0
0;0;0;0;0;11;14;0,00;0,54;3;6;5;0;0;0;0,02;14;0;0;0;0;0;3;1;4;1,00;0;0
4;0;0;33;76;11;14;1,42;4,19;34;37;37;1;2;5;0,21;109;12;56;10;10;0;5;4,63;4;28,00;0;0
6;2;2;30;67;11;14;1,15;11,62;69;95;97;9;2;1;0,73;256;17;63;0;1;0;7,75;13,43;4;70,00;0;0
1;0;0;0;15;11;14;0,00;0,27;2;2;3;0;0;0;0,06;7;0;12;1;0;0;0;5;4;5,00;0;0
1;1;0;0;47;11;14;0,00;1,19;13;7;11;0;2;0;0,06;31;0;44;0;0;0;0;5;4;6,00;0;0
4;0;1;10;50;11;14;0,38;3,04;40;24;15;0;2;0;0,29;79;8;44;0;0;0;11,6;4;4;21,00;0;0
2;0;0;1;51;11;14;0,04;3,00;49;23;5;1;2;0;0,12;78;1;45;2;0;0;2;3,6;4;10,00;0;0
4;0;0;5;53;11;14;0,19;7,31;50;65;73;2;2;0;0,38;190;3;45;1;0;0;8,75;4,67;4;24,00;0;0
4;0;0;13;54;11;14;0,50;2,85;47;19;8;0;2;5;0,28;74;5;47;2;7;0;4;4;4;18,00;0;2
4;0;0;2;50;11;14;0,08;1,62;15;8;19;0;1;0;0,11;42;1;45;0;0;0;0;3,14;4;12,00;0;0
4;0;1;9;54;11;14;0,35;8,12;60;53;97;1;2;1;0,47;211;3;44;5;1;0;17,2;3,43;4;17,00;0;0
3;2;0;0;43;11;14;0,00;0,65;7;7;3;0;2;0;0,03;17;0;40;0;0;0;0;3,83;4;11,00;0;0
4;0;0;3;44;11;14;0,12;2,92;26;11;39;0;2;0;0,29;76;3;40;0;0;0;8;6,83;4;33,00;0;0
5;0;0;5;32;11;14;0,19;3,27;32;29;23;1;2;1;0,21;85;4;30;0;1;0;4;6,83;4;33,00;0;1
2;0;0;1;6;11;14;0,04;0,96;3;5;17;0;1;0;0,08;25;1;6;0;0;0;0;3,33;4;10,00;0;1
4;0;0;0;47;11;14;0,00;2,92;15;29;16;9;2;0;0,12;76;0;43;1;0;0;1,5;2,43;4;10,00;0;0
4;1;1;1;47;11;14;0,04;3,00;13;36;29;0;2;1;0,16;78;0;42;0;1;0;3;2,57;4;10,00;0;4
6;2;0;2;50;11;14;0,08;3,15;21;33;27;1;2;0;0,18;82;2;46;0;0;0;0;5,71;4;25,00;0;0
3;0;1;1;45;11;14;0,04;1,54;10;16;14;0;2;1;0,07;40;0;42;0;1;0;1;4,33;4;18,00;0;0
6;2;1;0;45;11;14;0,00;1,77;16;13;16;1;2;0;0,10;46;0;42;0;0;0;0;6;4;28,00;0;2
4;1;0;0;32;11;14;0,00;1,31;15;8;9;2;2;0;0,06;34;0;30;0;0;0;0;2,71;4;12,00;0;0
6;1;4;9;65;11;14;0,35;11,62;69;95;97;2;2;5;0,75;256;0;52;8;9;0;17,2;13,43;4;70,00;0;0
1;0;0;4;5;11;14;0,15;0,77;12;5;2;1;0;0;0,04;20;2;5;0;0;0;2,33;4;4;4,00;0;0
4;0;1;7;45;11;14;0,27;2,31;18;12;30;0;2;3;0,13;60;3;38;2;3;0;0;3,57;4;18,00;0;0
4;1;0;16;64;11;14;0,62;5,00;25;55;49;1;2;2;0,26;130;13;59;1;3;0;9,33;3,13;4;17,00;0;1
2;1;0;0;16;11;14;0,00;1,15;3;13;14;0;0;0;0,13;30;0;15;0;0;0;4,5;8,33;4;25,00;0;0
4;0;0;21;44;11;14;0,81;2,46;15;24;24;1;2;0;0,23;64;17;38;2;0;0;1,33;3,88;4;18,00;0;2
6;1;2;0;51;11;14;0,00;5,23;59;37;38;2;0;0;0,22;136;0;42;5;0;0;15,5;5,14;4;30,00;0;0
5;2;0;5;52;11;14;0,19;4,88;18;35;68;6;2;2;0,36;127;1;42;7;4;0;4;5;4;24,00;0;0
4;1;4;33;76;11;14;1,92;8,04;39;78;73;9;2;5;0,37;209;17;65;6;10;0;15;4,75;4;32,00;0;1
5;1;0;0;45;11;14;0,00;2,65;17;27;8;9;2;0;0,15;69;0;41;1;0;0;1;3,75;4;18,00;0;0
3;0;0;8;55;11;14;0,31;4,92;17;47;62;2;0;1;0,75;128;7;50;1;1;0;12,25;13,43;4;61,00;0;0
6;2;1;11;55;11;14;0,42;2,38;9;32;17;4;2;0;0,11;62;6;47;1;0;0;0;4;4;21,00;0;1
6;3;2;13;70;11;14;0,50;5,31;44;69;25;0;2;2;0,61;138;8;61;4;2;0;6;8,5;4;54,00;0;1
5;0;0;5;71;11;14;0,19;10,65;58;95;97;3;2;2;0,20;256;2;52;10;3;0;3,33;8,83;4;42,00;0;2
1;1;0;0;10;11;14;0,00;0,50;5;6;2;0;0;0;0,02;13;0;10;0;0;0;0;2;4;2,00;0;0
5;1;0;2;47;11;14;0,08;5,69;40;50;54;4;2;0;0,29;148;2;44;0;0;0;0;8,83;4;39,00;0;0
4;3;3;1;47;11;14;0,04;1,38;10;21;5;0;1;1;0,75;36;0;44;0;1;0;1;2,33;4;9,00;0;0
3;0;1;5;49;11;14;0,19;2,88;17;27;31;0;2;1;0,16;75;3;45;0;1;0;1,5;5,14;4;23,00;0;0
3;0;0;26;60;11;14;1,00;1,96;23;18;10;0;1;0;0,13;51;17;50;0;0;0;1;4;4;14,00;0;0
6;0;0;10;63;11;14;0,38;5,42;54;53;34;0;2;0;0,47;141;6;53;1;0;0;13;5,75;4;31,00;0;1
5;1;0;8;48;11;14;0,31;3,31;36;33;17;0;2;0;0,17;86;8;44;1;0;0;3;6,43;4;28,00;0;0
6;2;0;2;56;11;14;0,08;5,12;27;46;60;0;2;0;0,65;133;2;53;0;0;0;17,2;6,44;4;47,00;0;4
6;0;1;18;57;11;14;0,69;3,73;21;35;40;1;2;0;0,15;97;10;47;1;0;0;5;7;4;35,00;0;0
4;0;0;2;34;11;14;0,08;2,88;29;21;22;3;2;1;0,36;75;0;29;1;1;0;6,5;5,33;4;27,00;0;0
4;0;1;17;60;11;14;0,65;6,00;57;55;44;0;2;4;0,30;156;7;44;8;7;0;4,33;6;4;33,00;0;0
4;0;0;9;45;11;14;0,35;5,96;25;69;49;9;2;0;0,42;155;9;43;0;0;0;2;5,13;4;31,00;0;0
5;1;2;10;64;11;14;0,38;11,46;50;95;97;9;2;1;0,17;256;3;51;6;3;0;1,75;9,88;4;62,00;0;2
4;0;0;1;53;11;14;0,04;2,12;20;15;17;3;2;0;0,08;55;1;45;5;0;0;3;2,71;4;13,00;0;0
5;1;1;33;68;11;14;1,42;5,65;28;67;43;9;2;3;0,35;147;17;57;4;3;1;17,2;4,86;4;26,00;1;0
2;0;0;0;49;11;14;0,00;1,00;8;15;3;0;1;0;0,04;26;0;44;0;0;0;6;1,83;4;4,00;0;0
4;0;0;0;45;11;14;0,00;1,27;23;5;5;0;2;0;0,06;33;0;42;0;0;0;0;4;4;18,00;0;1
0;0;0;0;45;11;14;0,00;0,81;10;7;4;0;0;0;0,01;21;0;42;0;0;0;0;2,33;4;0,00;0;0
4;0;0;31;70;11;14;1,19;3,69;40;19;37;0;2;4;0,09;96;11;52;10;10;0;1,5;5;4;21,00;0;0
4;2;1;1;42;11;14;0,04;2,81;24;23;25;1;2;0;0,13;73;1;39;0;0;0;5;3;4;16,00;0;3
4;0;0;33;76;11;14;1,27;9,85;43;51;97;5;1;0;0,46;256;17;69;0;0;0;15;6,22;4;45,00;0;0
3;0;0;0;17;11;14;0,00;1,81;24;20;3;0;0;0;0,10;47;0;15;0;0;0;3;5,33;4;16,00;0;0
2;1;0;0;14;11;14;0,00;1,00;6;20;0;0;0;0;0,05;26;0;12;0;0;0;4;2,5;4;5,00;0;0
0;0;0;0;17;11;14;0,00;0,27;2;4;1;0;0;0;0,00;7;0;15;2;0;0;0;0;4;0,00;0;0
6;1;4;0;51;11;14;0,00;5,50;44;46;51;2;2;0;0,40;143;0;44;2;0;0;1;7,25;4;49,00;0;1
6;1;2;15;67;11;14;0,58;5,08;29;41;61;1;2;1;0,26;132;11;51;4;1;0;11;8,5;4;43,00;0;1
6;1;1;13;44;11;14;0,50;4,42;22;78;13;2;2;5;0,29;115;8;38;4;5;0;10;5,33;4;28,00;0;1
1;0;0;8;51;11;14;0,31;2,31;31;19;9;1;1;0;0,07;60;6;46;0;0;0;5;3,25;4;10,00;0;0
6;1;1;5;48;11;14;0,19;4,69;31;76;13;2;2;0;0,25;122;2;41;1;0;0;2;9,29;4;58,00;0;2
4;0;0;6;49;11;14;0,23;2,15;10;16;26;4;0;0;0,12;56;3;45;0;0;0;2;5,33;4;25,00;0;1
5;1;0;32;65;11;14;1,23;5,31;66;36;36;0;2;0;0,32;138;17;52;3;0;0;4,2;8,17;4;42,00;0;0
4;0;0;3;45;11;14;0,12;3,96;34;41;28;0;2;3;0,27;103;0;40;2;3;0;5,5;4,83;4;22,00;0;0
4;0;0;6;51;11;14;0,23;3,04;25;34;20;0;2;3;0,47;79;1;40;8;5;0;17;3,14;4;16,00;0;0
4;1;0;0;47;11;14;0,00;2,62;27;21;20;0;2;0;0,10;68;0;42;1;0;0;2;3;4;14,00;0;4
3;0;0;24;66;11;14;0,92;8,04;69;80;60;0;2;5;0,19;209;4;46;10;10;0;3,5;5,57;4;35,00;0;0
5;1;2;33;76;11;14;1,92;11,62;69;95;97;4;2;5;0,75;256;17;69;10;10;0;8,67;13,43;4;70,00;0;0
4;1;1;0;43;11;14;0,00;2,88;7;46;22;0;1;0;0,30;75;0;40;0;0;0;4,67;5,14;4;30,00;0;0
4;0;0;0;35;11;14;0,00;3,42;18;19;52;0;2;0;0,12;89;0;32;0;0;0;1,25;3;4;15,00;0;0
3;1;1;1;32;11;14;0,04;1,31;8;1;24;1;2;0;0,12;34;1;30;0;0;0;0;2,57;4;12,00;0;0
3;2;1;0;6;11;14;0,00;2,23;12;42;4;0;1;0;0,10;58;0;5;0;0;0;6;3,17;4;10,00;0;0
3;1;0;0;7;11;14;0,00;0,62;0;8;8;0;1;0;0,08;16;0;7;0;0;0;0;4;4;8,00;0;0
5;2;0;6;49;11;14;0,23;4,58;23;48;48;0;2;1;0,26;119;5;45;1;1;0;12,4;5,86;4;34,00;0;4
4;1;0;1;50;11;14;0,04;2,15;10;30;16;0;1;0;0,09;56;0;43;2;0;0;5,5;3,14;4;12,00;0;0
5;2;0;7;53;11;14;0,27;3,58;18;37;38;0;2;1;0,30;93;1;41;9;6;0;6;6,5;4;31,00;0;0
4;0;0;1;47;11;14;0,04;3,31;47;17;21;1;2;0;0,15;86;1;40;3;0;0;3;2,43;4;10,00;0;0
4;2;2;1;54;11;14;0,04;4,27;19;63;28;1;2;0;0,10;111;1;52;0;0;0;0;3,38;4;15,00;0;0
1;0;1;0;1;11;14;0,00;0,31;4;1;3;0;1;0;0,01;8;0;1;0;0;0;0;5;4;5,00;0;0
5;1;0;0;34;11;14;0,00;1,27;14;5;13;1;2;0;0,09;33;0;32;0;0;0;0;2,43;4;10,00;0;1
4;0;0;33;76;11;14;1,92;5,73;28;66;55;0;2;4;0,34;149;17;65;8;10;0;8,5;6,33;4;30,00;0;0
6;2;1;33;76;11;14;1,42;11,62;69;95;97;5;2;5;0,75;256;17;69;5;6;0;1,8;12,33;4;70,00;0;4
5;1;1;33;58;11;14;1,27;8,31;66;81;62;7;2;5;0,36;216;14;44;10;10;0;5,6;5,75;4;38,00;0;0
4;1;0;1;47;11;14;0,04;1,81;23;7;17;0;1;0;0,14;47;1;43;1;0;0;1;3,17;4;13,00;0;2
4;1;1;1;55;11;14;0,04;2,19;17;26;13;1;2;1;0,13;57;0;50;2;1;0;7,75;4;4;18,00;0;0
0;0;0;2;47;11;14;0,08;2,54;29;33;4;0;1;2;0,05;66;0;43;1;2;0;0;2,5;4;0,00;0;0
4;0;1;33;73;11;14;1,38;4,96;31;38;51;9;1;4;0,30;129;17;69;1;4;0;5;5,57;4;28,00;0;4
3;0;0;10;57;11;14;0,38;3,58;9;31;53;0;0;1;0,31;93;6;51;0;1;0;3,33;9;4;51,00;0;0
4;0;0;21;67;11;14;0,81;7,08;27;65;90;2;2;2;0,54;184;6;47;10;10;0;8,6;9,14;4;57,00;0;0
5;2;1;7;46;11;14;0,27;6,81;41;55;35;9;2;2;0,22;177;2;39;4;5;0;2,5;3,71;4;19,00;0;1
4;2;0;33;66;11;14;1,27;5,38;19;68;53;0;2;0;0,37;140;0;48;0;0;0;12;5;4;32,00;0;0
6;1;1;33;76;11;14;1,92;11,62;66;95;97;2;2;5;0,25;256;17;69;10;10;0;2;12,67;4;62,00;0;0
5;1;2;5;65;11;14;0,19;7,85;58;94;47;5;2;1;0,25;204;2;52;9;3;0;0;4,29;4;22,00;0;1
4;0;1;8;46;11;14;0,31;3,31;13;25;43;5;2;1;0,14;86;4;40;3;1;0;2;2,75;4;11,00;0;0
4;0;3;32;76;11;14;1,23;11,62;69;95;72;8;2;4;0,67;256;10;62;10;10;0;1,5;9;4;49,00;0;3
4;0;0;0;44;11;14;0,00;1,12;14;9;6;0;2;0;0,06;29;0;40;0;0;0;0;4;4;19,00;0;0
5;1;2;1;51;11;14;0,04;2,88;32;29;14;0;2;1;0,31;75;0;45;2;1;0;12,25;6,33;4;34,00;0;1
5;1;2;2;51;11;14;0,08;2,73;16;30;25;0;2;0;0,18;71;1;45;0;0;0;7;3,14;4;15,00;0;4
4;2;0;9;51;11;14;0,35;1,92;22;12;16;0;1;0;0,05;50;7;45;1;0;0;1;2,83;4;10,00;0;0
6;3;2;24;68;11;14;0,92;9,08;69;95;36;2;2;4;0,63;236;13;57;8;10;0;8,67;12;4;70,00;0;0
5;2;2;11;63;11;14;0,42;3,46;27;27;36;0;2;2;0,21;90;8;58;1;3;0;0;7;4;28,00;0;0
4;0;1;0;46;11;14;0,00;2,19;15;17;25;0;2;0;0,07;57;0;42;0;0;0;3;3,57;4;18,00;0;4
6;3;1;13;67;11;14;0,50;7,38;25;95;51;2;2;4;0,56;192;1;46;10;10;2;11;7,38;4;47,00;2;0
0;0;0;0;0;11;14;0,00;0,38;1;3;6;0;0;0;0,00;10;0;0;0;0;0;0;2;4;2,00;0;0
1;1;0;1;44;11;14;0,04;1,23;11;9;12;0;1;0;0,04;32;1;40;0;0;0;0;3;4;6,00;0;0
4;0;1;2;44;11;14;0,08;2,42;15;6;42;0;2;0;0,15;63;2;41;0;0;0;0;4,14;4;21,00;0;0
6;2;0;0;59;11;14;0,00;4,65;17;67;36;1;2;0;0,29;121;0;51;1;0;0;0;5,71;4;30,00;0;0
4;0;2;1;54;11;14;0,04;4,65;17;86;16;2;2;0;0,40;121;1;48;3;0;0;2;13,43;4;70,00;0;0
